:020000040800F2
:1000000000000120C5510008E14A0008E94A000843
:10001000F14A0008F94A0008014B000800000000FE
:10002000000000000000000000000000094B000874
:10003000154B000800000000214B00082D4B000864
:100040000D5200080D5200080D5200080D52000814
:100050000D5200080D5200080D5200080D52000804
:100060000D5200080D5200080D520008394B0008CF
:100070000D5200080D5200080D5200080D520008E4
:100080000D5200080D5200080D5200080D520008D4
:100090000D5200080D5200080D5200080D520008C4
:1000A0000D5200080D5200080D5200080D520008B4
:1000B0004D4B0008614B0008754B00080D520008BD
:1000C0000D5200080D5200080D5200080D52000894
:1000D0000D520008894B00080D5200080D5200080F
:1000E0000D5200080D5200080D5200080D52000874
:1000F0000D5200080D5200080D5200080D52000864
:100100000D5200080D5200080D5200080D52000853
:100110009D4B0008B14B00080D5200080D5200081D
:100120000D5200080D5200080D5200080D52000833
:1001300000000000000000000000000000000000BF
:1001400000000000000000000000000000000000AF
:10015000000000000000000000000000000000009F
:10016000000000000000000000000000000000008F
:10017000000000000000000000000000000000007F
:10018000000000000000000000000000000000006F
:10019000000000000000000000000000000000005F
:1001A000000000000000000000000000000000004F
:1001B000000000000000000000000000000000003F
:1001C000000000000000000000000000000000002F
:1001D000000000000000000000000000000000001F
:1001E0005FF8E0F110B5054C237833B9044B13B137
:1001F0000448AFF300800123237010BD6400002089
:1002000000000000B4A6000808B5034B1BB1034969
:100210000348AFF3008008BD000000006800002024
:10022000B4A6000810F8012B11F8013B012A28BFE1
:100230009A42F7D0D01A7047034613F8012B002AD0
:10024000FBD1181A0138704780B400AFBFF34F8F4D
:1002500000BF064BDB6803F4E0620449044B134320
:10026000CB60BFF34F8F00BF00BFFDE700ED00E0A4
:100270000400FA0580B584B002AF04F0C9FF00F0B5
:10028000E3FE04F0CFFE03467B717B79002B07D0A1
:1002900000F0E8FB00F03CFE7B79184604F0FCFE21
:1002A00000F0E0FB00F0D0FE00F0B0FE00F05AFEDF
:1002B00000F0C4FC00F080FE00F036FD00F028FEE7
:1002C00000F0A8FC00F016FD00F0E6FC00F02AFCAF
:1002D00000F086FD00F0D0FD01F0ECF801F0FEF832
:1002E00001F012F901F026F905223649364805F0E9
:1002F000DBF800224FF48071344806F022FB4FF403
:100300007A7000F033FF01224FF480712F4806F01D
:1003100018FB2F4801F000FD02F0EEFA4FF47A705E
:1003200000F024FF02F08EF802F08CF802F0ACF836
:1003300002F088F801F01CFD264B93F82430002BC6
:1003400004D004F0BDFF0346234A1360214B93F809
:100350002130002B0CBF01230023DBB21A461D4BBA
:1003600083F821201B4BB3F825309BB201339AB29E
:10037000184BA3F8252003F037FD184B1B781A46BD
:100380004FF48051164806F0DCFA124B93F83130E6
:10039000012B01D1042300E002230A4A32F8133072
:1003A0009BB240F6AF12934294BF01230023DBB20D
:1003B0001A460C4B1A70074B93F83030012B13D1AF
:1003C000032312E05C3C0020703C00200008014048
:1003D000FCA6000880000020483C0020CC3700200C
:1003E000000C0140693C002001239C4A32F8133084
:1003F0009BB240F6AF12934294BF01230023DBB2BD
:100400001A46974B1A70032002F02EFF934B1B885D
:100410009AB2944B1A8001F057F803F0FDFC924B0E
:100420000093924B924A9349934809F025FC9248D5
:1004300001F04EFC0421914806F06CFA03461A467E
:100440008F4B1A7003F094FE8E4807F054FB01F0B6
:10045000C7FB8D4B1B889AB28C4B1B889BB29A4270
:1004600049D08B4B1B88622B05D9894B00221A80FF
:10047000884B00221A70844B1B889BB21946844B10
:100480001B885A1C90B2824A10801A46824B595CD3
:10049000824B99547C4B1B889BB201335A42DBB28E
:1004A000D2B258BF53429AB2774B1A80794B1B781D
:1004B00083F00103DBB2002B07D0764B01221A70C8
:1004C00004F0FEFE0346764A1360714B1B88013B25
:1004D000724AD35C0A2B0ED16D4B1B881A466F4BA8
:1004E000002199546D4801F049FE694B00221A80A1
:1004F000684B00221A706B4B1B889AB26A4B1B88A0
:100500009BB29A4249D0694B1B88622B05D9674B35
:1005100000221A80664B00221A70624B1B889BB225
:100520001946624B1B885A1C90B2604A10801A46CA
:10053000604B595C604B99545A4B1B889BB20133FA
:100540005A42DBB2D2B258BF53429AB2554B1A80CC
:10055000574B1B7883F00103DBB2002B07D0544BC1
:1005600001221A7004F0ACFE0346544A13604F4B4C
:100570001B88013B504AD35C0A2B0ED14B4B1B8886
:100580001A464D4B002199544B4801F0F7FD474B5B
:1005900000221A80464B00221A70494B1B889AB2DF
:1005A000484B1B889BB29A4253D0474B1B88622B07
:1005B00005D9454B00221A80444B00221A70404B4B
:1005C0001B889BB21946404B1B885A1C90B23E4A6E
:1005D00010801A463E4B595C3E4B9954384B1B8851
:1005E0009BB201335A42DBB2D2B258BF53429AB2E5
:1005F000334B1A80354B1B7883F00103DBB2002BA1
:1006000007D0324B01221A7004F05AFE0346324AD8
:1006100013602D4B1B88013B2E4AD35C0A2B18D14B
:10062000012208212D4806F08CF9274B1B881A4619
:10063000284B00219954274802F0C2F8224B00228F
:100640001A80224B00221A7000220821234806F04B
:1006500078F91E4B1B78002B42E000BF5C3C002069
:100660006A3C0020583C002030A70008820000208F
:1006700004A7000814A70008B4000020000C0140E3
:10068000D8370020943D0020E2390020E0390020D6
:10069000B23B0020BD3B0020E03800204C3B002056
:1006A000B83B0020E63A0020E43A0020B03B0020AE
:1006B000BC3B0020E4390020E83A0020B43B002095
:1006C000DE380020DC380020243C00202C3C0020B8
:1006D000DC370020C03B0020283C002000100140F7
:1006E00018D004F0EDFD0246964B1B68D31AB3F503
:1006F0007A7F0FD9944B00221A80944B00221A70F3
:10070000102003F0E5FC03F06FFB03F031FD90488F
:1007100001F002FB8F4B1B78002B18D004F0D0FDAA
:1007200002468D4B1B68D31AB3F57A7F0FD98B4BDA
:1007300000221A80874B00221A70112003F0C8FC97
:1007400003F052FB03F014FD854801F0E5FA854BF8
:100750001B78002B18D004F0B3FD0246824B1B68B7
:10076000D31AB3F57A7F0FD9804B00221A807D4BC4
:1007700000221A70122003F0ABFC03F035FB03F0EB
:10078000F7FC7B4801F0C8FA04F09AFD0246794B69
:100790001B68D31A4EF65F22934206D904F090FDEF
:1007A0000346744A136001F051FF734B93F82430F1
:1007B000002B0FD004F084FD0246704B1B68D31A47
:1007C0006F4A934206D9002003F082FC03F00CFB31
:1007D00003F0CEFC04F074FD02466A4B1B68D31A8A
:1007E000694A934214D904F06BFD0346654A1360CD
:1007F000614B93F82130002B0CBF01230023DBB2A7
:100800001A465D4B83F8212003F0EEFA03F0B0FCAA
:100810005E4B1B68002B3CD00023FB7172B600BFFF
:100820005A4B1B6803F40053002B08D0574B1B682E
:1008300023F40053554A13600D23FB711CE0534B06
:100840001B6803F48043002B08D0504B1B6823F433
:1008500080434E4A13600E23FB710DE04B4B1B6827
:1008600003F40043002B07D0484B1B6823F40043DC
:10087000464A13600F23FB7162B600BFFB79002B61
:1008800007D0FB79184603F023FC03F0ADFA03F020
:100890006FFC04F015FD02463D4B1B68D31A632B19
:1008A0007FF6D2AD04F00CFD0346394A13600023F5
:1008B000BB71314B5B7E002B2AD0012002F08EFCF5
:1008C00003463B71334B1B783A799A420AD1324B3B
:1008D0001B78092B0CD8304B1B780133DAB22E4B26
:1008E0001A7005E02C4B00221A702A4A3B791370CB
:1008F000294B1B78092B0BD9284B1A78254B1B78D1
:100900009A4205D0234B1A78244B1A700123BB71ED
:10091000194B9B7E002B5DD0022002F05FFC03464A
:10092000FB701F4B1B78FA789A423DD11D4B1B7808
:10093000092B3FD81B4B1B780133DAB2194B1A70C5
:1009400038E000BF283C0020243C00202C3C002044
:1009500034A70008BC3B0020B43B0020B03B002083
:1009600060A70008BD3B0020B83B0020B23B002040
:100970008CA700084C3C002080000020483C002050
:10098000BFD40100443C0020BF2709006C3C00207C
:10099000D037002001000020D5370020D4370020B8
:1009A00000000020D6370020264B00221A70264A6D
:1009B000FB781370234B1B78092B0BD9234B1A7828
:1009C000214B1B789A4205D01F4B1A781F4B1A7087
:1009D0000123BB711E4BDB7E002B2BD004211D4855
:1009E00005F098FF0346BB701B4B1B78BA789A4200
:1009F0000AD11A4B1B78092B0CD8184B1B780133E2
:100A0000DAB2164B1A7005E0144B00221A70124A23
:100A1000BB781370114B1B78092B0BD9104B1A782C
:100A20000D4B1B789A4205D00B4B1A780C4B1A7061
:100A30000123BB71BB79002B3FF406AD03F098FB9B
:100A400002E500BFD637002000000020CD3700208F
:100A500080000020000C014004000020D737002057
:100A6000D837002080B596B000AF07F130032822B8
:100A70000021184609F022F907F11C0300221A6030
:100A80005A609A60DA601A613B1D00221A605A604F
:100A90009A60DA601A615A6109233B634FF480332C
:100AA0007B630023BB6301233B640123BB640223FC
:100AB000FB644FF480333B654FF4E0137B6507F133
:100AC0003003184607F026F80346002B01D003F048
:100AD00069FD0F23FB6102233B6200237B624FF41D
:100AE0008063BB620023FB6207F11C0302211846EE
:100AF00007F092FA0346002B01D003F053FD0223C6
:100B00007B604FF40043FB603B1D184607F012FC6E
:100B10000346002B01D003F045FD00BF5837BD460A
:100B200080BD000080B584B000AF3B1D00221A607C
:100B30005A609A60354B364A1A60344B4FF48072D3
:100B40009A60324B01221A73304B00221A752F4BD8
:100B50004FF46022DA612D4B00225A602B4B0522A4
:100B60001A612A4804F0B6FB0346002B01D003F0BB
:100B700019FD00237B600123BB600523FB603B1D47
:100B80001946224804F08AFD0346002B01D003F0E9
:100B900009FD01237B600223BB603B1D19461B48F6
:100BA00004F07CFD0346002B01D003F0FBFC022384
:100BB0007B600323BB603B1D1946144804F06EFDA7
:100BC0000346002B01D003F0EDFC08237B600423D7
:100BD000BB603B1D19460D4804F060FD0346002B29
:100BE00001D003F0DFFC09237B600523BB603B1DC4
:100BF0001946064804F052FD0346002B01D003F0CD
:100C0000D1FC00BF1037BD4680BD00BF703C002046
:100C10000024014080B500AF064B074A1A60054822
:100C200005F043F80346002B01D003F0BBFC00BFE6
:100C300080BD00BFE43C00200030024080B500AF22
:100C4000124B134A1A60114B124A5A600F4B002282
:100C50009A600E4B0022DA600C4B4FF480421A610E
:100C60000A4B00225A61094B00229A61074B00226D
:100C7000DA61064B00221A62044805F093FE03462F
:100C8000002B01D003F08EFC00BF80BDEC3C0020A7
:100C900000540040A086010080B500AF124B134AFB
:100CA0001A60114B124A5A600F4B00229A600E4B89
:100CB0000022DA600C4B4FF480421A610A4B00228A
:100CC0005A61094B00229A61074B0022DA61064BF8
:100CD00000221A62044805F065FE0346002B01D08D
:100CE00003F060FC00BF80BD403D00200058004084
:100CF000A086010080B500AF094B0A4A1A60084B74
:100D000003225A60064B40F6FF729A60044806F0D0
:100D1000AEFE0346002B01D003F044FC00BF80BDB3
:100D2000943D00200030004080B586B000AF07F150
:100D3000080300221A605A609A60DA603B4600227B
:100D40001A605A60254B4FF080421A60234B41F6DF
:100D50001F425A60214B00229A60204B41F2883298
:100D6000DA601E4B00221A611C4B00229A611B485C
:100D700007F096FB0346002B01D003F013FC4FF461
:100D80008053BB6007F108031946144807F056FD6D
:100D90000346002B01D003F005FC00233B60002339
:100DA0007B603B4619460D4807F050FF0346002B79
:100DB00001D003F0F7FB4FF48053BB6007F1080349
:100DC0001946064807F03AFD0346002B01D003F010
:100DD000E9FB00BF1837BD4680BD00BFA03D002025
:100DE00080B586B000AF07F1080300221A605A6090
:100DF0009A60DA603B4600221A605A601C4B1D4A1A
:100E00001A601B4B47225A60194B00229A60184BFC
:100E1000B922DA60164B00221A61154B00229A6142
:100E2000134807F03DFB0346002B01D003F0BAFB4B
:100E30004FF48053BB6007F1080319460C4807F0D4
:100E4000FDFC0346002B01D003F0ACFB00233B600C
:100E500000237B603B461946054807F0F7FE034632
:100E6000002B01D003F09EFB00BF1837BD4680BDAC
:100E7000E83D00200004004080B586B000AF07F1D7
:100E8000080300221A605A609A60DA603B4600222A
:100E90001A605A601C4B1D4A1A601B4B47225A604D
:100EA000194B00229A60184BB922DA60164B0022C7
:100EB0001A61154B00229A61134807F0F1FA0346B4
:100EC000002B01D003F06EFB4FF48053BB6007F1A1
:100ED000080319460C4807F0B1FC0346002B01D06B
:100EE00003F060FB00233B6000237B603B46194618
:100EF000054807F0ABFE0346002B01D003F052FB80
:100F000000BF1837BD4680BD303E002000080040BD
:100F100080B500AF114B124A1A60104B4FF461427A
:100F20005A600E4B00229A600C4B0022DA600B4B89
:100F300000221A61094B0C225A61084B00229A6167
:100F4000064B0022DA61054807F0FEFE0346002B3F
:100F500001D003F027FB00BF80BD00BF783E00201A
:100F6000004C004080B500AF114B124A1A60104B84
:100F70004FF461425A600E4B00229A600C4B0022E3
:100F8000DA600B4B00221A61094B0C225A61084BA4
:100F900000229A61064B0022DA61054807F0D4FE70
:100FA0000346002B01D003F0FDFA00BF80BD00BF57
:100FB000C03E00200050004080B500AF114B124AE7
:100FC0001A60104B4FF4E1325A600E4B00229A60C7
:100FD0000C4B0022DA600B4B00221A61094B0C22E9
:100FE0005A61084B00229A61064B0022DA610548DB
:100FF00007F0AAFE0346002B01D003F0D3FA00BF8E
:1010000080BD00BF083F00200038014080B582B09D
:1010100000AF0C4B5B690B4A43F001035361094B72
:101020005B6903F001037B607B68002200210B20D9
:1010300004F005FE0B2004F01EFE00BF0837BD467D
:1010400080BD00BF0010024080B588B000AF07F13E
:10105000100300221A605A609A60DA603F4B9B6965
:101060003E4A43F0100393613C4B9B6903F010032D
:10107000FB60FB68394B9B69384A43F0200393615E
:10108000364B9B6903F02003BB60BB68334B9B6905
:10109000324A43F004039361304B9B6903F004032D
:1010A0007B607B682D4B9B692C4A43F0080393615E
:1010B0002A4B9B6903F008033B603B68002242F225
:1010C0008F01274805F03DFC00224FF4F8712548B8
:1010D00005F037FC00224FF48151234805F031FC24
:1010E00042F28F033B6101237B610023BB6102233A
:1010F000FB6107F110031946194805F077FA4FF420
:10110000F8733B6101237B610023BB610223FB6118
:1011100007F110031946134805F068FA04233B61F0
:1011200000237B610023BB6107F1100319460E48C1
:1011300005F05CFA4FF481533B6101237B6100238E
:10114000BB610223FB6107F110031946064805F055
:101150004DFA00BF2037BD4680BD00BF00100240E1
:101160000010014000080140000C014080B584B02F
:1011700000AF786004F0A4F8B8607B68FB60FB689F
:10118000B3F1FF3F09D00B4B1B781A46FB681344A1
:10119000FB6002E0084806F0AEFC04F091F802465D
:1011A000BB68D31AFA689A42F4D800BF00BF103760
:1011B000BD4680BD10000020943D002080B584B065
:1011C00000AF78607B681B68B3F1804F04D14FF4A7
:1011D0000051934805F0CDFB7B681B68914A934210
:1011E00003D101218E4805F0C4FB7B681B688E4A41
:1011F000934240F052818D4B93F83130012B01D155
:10120000042300E002238A4A32F813309BB240F6EE
:10121000AF12934294BF01230023DBB2FB73834BD5
:1012200093F83030012B01D1032300E00123804AE1
:1012300032F813309BB240F6AF12934294BF0123B1
:101240000023DBB2BB737A4B1B889AB2794B1A80AE
:10125000774B5B889AB2774B5A80754B9B889AB2D2
:10126000744B9A80744B01221A70744B1B78DBB25A
:10127000002B61D0714B1B78DBB2012B40D16B4B43
:1012800093F82B30002B0BD16D4B1B78DBB2002B6E
:1012900006D1FB7B012B30D1694B01221A702CE067
:1012A000624B93F82B30002B0BD1654B1B78DBB2D4
:1012B000012B06D1FB7B002B1FD1614B02221A7040
:1012C0001BE05A4B93F82B30002B16D15C4B1B784C
:1012D000DBB2022B11D1FB7B012B0ED1594AFB7BD8
:1012E0001370594ABB7B1370544B00221A70574B32
:1012F00001221A70524B00221A7002F099FC39E058
:101300004E4B1B78DBB2032B34D1484B93F82B3078
:10131000002B0ED1BB7B012B0BD14A4AFB7B1370F8
:10132000494ABB7B1370454B00221A70474B012280
:101330001A7002F07DFC1DE0424B1B78FA7B9A424A
:1013400008D0434B1B6843F40053414A13603D4AA5
:10135000FB7B13703C4B1B78BA7B9A4208D03C4B0A
:101360001B6843F480433A4A1360374ABB7B1370CF
:1013700002F05EFC2E4B1B88BB81364B1B881A4645
:1013800013465B001A44BB891344002B00DA033375
:101390009B109AB22F4B1A802E4B1B887B817B8926
:1013A00040F6E442934204D97B89A3F6E4439BB21E
:1013B00004E07B89C3F54E6304339BB23B81264B2B
:1013C0001B883A899A4251D9244B1B78002B21D192
:1013D000234B1B68002B04D103F072FF0346204A05
:1013E000136003F06DFF02461D4B1B68D31AF92BE7
:1013F00010D91A4B01221A701A4B1B78DBB2002B42
:1014000008D1184B01221A70114B1B6843F400439A
:101410000F4A136003F054FF0346134A13603CE085
:10142000001001400008004000040040800000203F
:101430005C3C0020503F0020563F0020673C0020CD
:10144000663C0020693C00206A3C0020683C00208B
:101450006C3C0020583C0020060000205C3F00202F
:10146000583F0020503C0020543C00200D4B0022EF
:101470001A600D4B00221A700C4B1B78DBB2012B4B
:101480000BD103F01DFF0246094B1B68D31AB3F5BD
:101490007A7F02D9054B00221A7000BF1037BD4673
:1014A00080BD00BF583F00205C3F0020503C002022
:1014B000543C002080B500AF024807F041F800BF5F
:1014C00080BD00BFA03D002080B500AF024807F0FE
:1014D00037F800BF80BD00BFE83D002080B500AFF9
:1014E000064B1B889BB21A46054B13440122194632
:1014F000044807F004FD00BF80BD00BFDC380020B9
:10150000DC370020083F002080B500AF064B1B8869
:101510009BB21A46054B134401221946044807F0B2
:10152000EEFC00BF80BD00BFE0390020E0380020A5
:10153000783E002080B500AF064B1B889BB21A4650
:10154000054B134401221946044807F0D8FC00BF9C
:1015500080BD00BFE43A0020E4390020C03E0020F6
:1015600080B582B000AF10E00A20FFF7FFFD391D03
:101570004FF0FF3301220B4807F036FC391D4FF0C6
:10158000FF330122084807F02FFC00F00FF8034654
:101590007B607B68B3F1FF3FE6D100BF00BF083737
:1015A000BD4680BDC03E0020783E002080B483B0A0
:1015B00000AF124B1B889AB2114B1B889BB29A4208
:1015C00002D14FF0FF3313E00C4B1B889BB21A463D
:1015D0000C4B9B5CFB71094B1B889BB201335A423D
:1015E000DBB2D2B258BF53429AB2044B1A80FB7995
:1015F00018460C37BD4680BC704700BFDE3800205F
:10160000DC380020DC37002080B584B000AF786083
:101610007B681B68284A934215D1284B1B889BB2D4
:1016200001335A42DBB2D2B258BF53427B81244BC2
:101630001B889BB27A899A4202D0204A7B89138008
:10164000FFF74CFF34E07B681B681E4A934215D1BC
:101650001D4B1B889BB201335A42DBB2D2B258BF3A
:101660005342BB81194B1B889BB2BA899A4202D064
:10167000154ABB891380FFF747FF19E07B681B6899
:10168000134A934214D1134B1B889BB201335A4225
:10169000DBB2D2B258BF5342FB810F4B1B889BB2C7
:1016A000FA899A4202D00B4AFB891380FFF742FF66
:1016B00000BF1037BD4680BD00380140DC38002037
:1016C000DE380020004C0040E0390020E2390020E4
:1016D00000500040E43A0020E63A002080B582B095
:1016E00000AF78607B681B680C4A934202D1FFF719
:1016F000F5FE0EE07B681B68094A934202D1FFF7B2
:1017000003FF06E07B681B68064A934201D1FFF79E
:1017100011FF00BF0837BD4680BD00BF0038014043
:10172000004C00400050004080B582B000AF7860AF
:1017300001228021184805F004F97868FEF77CFD45
:1017400003469AB24FF0FF337968144807F04CFB18
:1017500000BF124B1B681B6803F04003402BF8D1FD
:101760007868FEF769FD03469AB24FF0FF33796857
:101770000B4807F039FB00BF094B1B681B6803F0DF
:101780004003402BF8D100228021034805F0D9F80E
:1017900000BF0837BD4680BD00100140C03E00209C
:1017A000783E002080B483B000AF0346FB71FB7924
:1017B0000D2B05D0FB790A2B02D0FB79002B01D130
:1017C000012300E00023DBB218460C37BD4680BC85
:1017D000704780B483B000AF0346FB71FB79002BE8
:1017E0000AD0FB790D2B07D0FB790A2B04D0FB79AB
:1017F000222B01D0012300E00023DBB218460C3776
:10180000BD4680BC7047000080B500AF074B93F821
:101810002C301846FFF7DDFF0346002B01D17C2357
:1018200002E0024B93F82C30184680BD8000002067
:1018300080B500AF074B93F82D301846FFF7C9FF6E
:101840000346002B01D13B2302E0024B93F82D30DD
:10185000184680BD8000002080B586B000AF78605B
:10186000FFF7E6FF034607F108000C4A0C2108F0D9
:10187000CDF907F108031946786808F07EFA786117
:101880007B69002B04D10649786808F076FA786104
:101890007B6918461837BD4680BD00BFB8A7000851
:1018A000C4A7000880B483B000AF0346FB71FB7986
:1018B000012B01D1064B05E0FB79022B01D1054B31
:1018C00000E0054B18460C37BD4680BC704700BF92
:1018D000D0A70008DCA70008E8A7000880B582B000
:1018E00000AF78607B68002B00F08E80484B1B783F
:1018F000272B1CD9474B1B785A1C474B83FB0213E1
:101900001911D317C91A0B469B000B44DB00D11ADF
:10191000CAB2404B1A703E4B1B78013BDAB23C4BCB
:101920001A703E4B1B8801339AB23C4B1A803C4BD9
:101930001B781A464FF4A47302FB03F3394A981834
:101940007B68394A4FF4A07108F060F97868FFF7B6
:1019500083FF0346002B14BF01230023DAB2304B70
:101960001B78194610462F4A4FF4A47301FB03F36A
:10197000134403F5A27302461A70294B1B781946CB
:10198000284A4FF4A47301FB03F3134403F5A27335
:101990001B78002B13D0254B1B680133234A13609F
:1019A0001F4B1B781846214B1A681E494FF4A4732D
:1019B00000FB03F30B4403F5A0731A600CE0184B13
:1019C0001B781946174A4FF4A47301FB03F3134421
:1019D00003F5A07300221A60114B1B785A1C0E4BA2
:1019E00083FB02131911D317C91A0B469B000B4432
:1019F000DB00D11ACAB20A4B1A70054B1B780133AF
:101A0000DAB2034B1A7000E000BF0837BD4680BD54
:101A1000BE370020BC37002067666666C4370020EA
:101A2000BD370020F4010020F0A70008B4370020E3
:101A300080B584B000AFF860B9607A60264B1B783F
:101A4000002B01D1002342E0244B1B781A464FF4AF
:101A5000A47302FB03F3224A1344224A4FF4A071F9
:101A6000F86808F0D3F81D4B1B7819461C4A4FF450
:101A7000A47301FB03F3134403F5A0731A68BB6856
:101A80001A60164B1B781946154A4FF4A47301FBD4
:101A900003F3134403F5A2731A787B681A700F4B93
:101AA0001B785A1C104B83FB02131911D317C91A48
:101AB0000B469B000B44DB00D11ACAB2074B1A70CD
:101AC000054B1B78013BDAB2034B1A700123184611
:101AD0001037BD4680BD00BFBE370020BC37002098
:101AE000F4010020F0A700086766666690B58FB025
:101AF00006AFF860B9607A60FB70F868FFF7ACFE7B
:101B0000B861BB69002B07D1FB681F4A4FF4A07175
:101B1000B86808F07BF833E0FFF776FE0346194615
:101B2000B86908F0E2F8F861FB69002B04D12D21B7
:101B3000B86908F0DAF8F861FB69002B07D1FB6897
:101B4000114A4FF4A071B86808F060F818E0BA695B
:101B5000FB68D31A7B617C69FFF76AFE034619466E
:101B6000FB78FA69049203937B6802930191FB6806
:101B700000932346054A4FF4A071B86808F046F870
:101B80002437BD4690BD00BFF0A70008F4A70008A9
:101B900080B500AF0C4B1B78002B0BD00B4B1A6899
:101BA0000B4B1B780B490C48FFF7A0FF0948FFF7C8
:101BB000BBFD02E00848FFF7B7FD03F081FB0346D9
:101BC000064A136000BF80BDC0370020B837002030
:101BD000C13700207436002034350020C83700207B
:101BE00080B500AF2A4B1B78002B3AD0294B1B78CD
:101BF000002B0FD0264B00221A70264B00221A70A1
:101C0000254B00221A70254B00221A60244B00221B
:101C10001A703BE003F054FB0246224B1B68D31AB8
:101C200040F2DB52934230D91D4B1B78022B08D86F
:101C30001B4B1B780133DAB2194B1A70FFF7A8FF60
:101C400023E0134B00221A70124B00221A70124B21
:101C500000221A70114B00221A60114B00221A70D8
:101C600013E00D4A0D491048FFF7E2FE0346002B32
:101C70000CD0074B01221A70064B00221A70084B39
:101C800000221A70FFF784FF00E000BF80BD00BF94
:101C9000BF370020C2370020C0370020B8370020EF
:101CA000C1370020C83700203435002080B400AF91
:101CB000054B1B78002B02D0044B01221A7000BF89
:101CC000BD4680BC704700BFBF370020C237002030
:101CD00080B582B000AF78607868FFF7FFFD00BF85
:101CE0000837BD4680BD000080B582B000AF786087
:101CF0007868FEF7A1FA03469AB24FF0FF3379688D
:101D0000044807F071F8786800F006F800BF08375B
:101D1000BD4680BD083F002080B483B000AF78602E
:101D200000BF0C37BD4680BC7047000080B586B050
:101D300004AF78603960094B02933B6801937B687C
:101D40000093074B074A0849084807F095FF0748E2
:101D5000FFF7BEFF00BF0837BD4680BD30A70008B3
:101D60008200002004A700080CA80008B40000208E
:101D700080B586B004AF0023FB714FF0FF330293B0
:101D800032230193354B009310230022A0213448C5
:101D900005F046F80346002B07D03248FFF7BCFF9A
:101DA00001F0A4FF02F020F8DDE12C4B1B884FF678
:101DB000FF72934207D12C48FFF7AEFF01F096FF68
:101DC00002F012F8CFE1254B1B88072B56D0234B8E
:101DD0001B88052B05D1214B07221A800123FB719B
:101DE00044E01E4B1B88042B09D11C4B07221A8090
:101DF0001A4B002283F82F200123FB7136E0174B8A
:101E00001B88032B03D0154B1B88022B1DD1134BB2
:101E10001B88022B03D1114B002283F82B200F4B80
:101E200007221A800D4B7C2283F82C200B4B3B227F
:101E300083F82D20094B002283F82E20074B002227
:101E400083F82F200123FB7110E00748FFF764FFA0
:101E500001F04CFF01F0C8FF85E100BF80000020C9
:101E6000EC3C002018A8000834A80008AE4B002263
:101E700083F83020AC4B002283F83120AA4B93F832
:101E80003030012B05D9A84B002283F830200123E4
:101E9000FB71A54B93F83130012B05D9A24B0022E1
:101EA00083F831200123FB719F4B9B78FF2B03D0DC
:101EB0009D4B9B78002B0AD103F0E4F803460833CE
:101EC0009A4A17219A4807F0A1FE0123FB71964B0D
:101ED0005B7EFF2B03D0944B5B7E032B04D9924B8C
:101EE00000225A760123FB718F4B9B7EFF2B03D080
:101EF0008D4B9B7E032B04D98B4B00229A760123BA
:101F0000FB71894BDB7EFF2B03D0874BDB7E032BE2
:101F100004D9854B0022DA760123FB71824B1B7FAB
:101F2000FF2B03D0804B1B7F032B04D97E4B002259
:101F30001A770123FB717C4B5B7FFF2B03D07A4B1D
:101F40005B7F032B04D9784B00225A770123FB7166
:101F5000754B9B7FFF2B03D0734B9B7F032B04D9C7
:101F6000714B00229A770123FB716F4BDB7FFF2BB4
:101F700003D06D4BDB7F042B04D96B4B0022DA7747
:101F80000123FB71684B93F82030FF2B04D0664B84
:101F900093F82030042B05D9634B002283F82020CE
:101FA0000123FB71604B93F82B30FF2B04D05E4B69
:101FB00093F82B30012B05D95B4B002283F82B20A3
:101FC0000123FB71584B93F82C301846FFF701FCA6
:101FD0000346002B05D1544B7C2283F82C2001238F
:101FE000FB71514B93F82D301846FFF7F2FB034677
:101FF000002B05D14C4B3B2283F82D200123FB7194
:10200000494B93F82C20484B93F82D309A4209D134
:10201000454B7C2283F82C20434B3B2283F82D2018
:102020000123FB71404B93F82E30FF2B04D03E4B25
:1020300093F82E30012B05D93B4B002283F82E203C
:102040000123FB71384B93F82F30FF2B04D0364B14
:1020500093F82F300A2B05D9334B002283F82F2019
:102060000123FB71304BB3F825309BB24FF6FF7262
:10207000934208D12C4B002283F82520002283F8BC
:1020800026200123FB71284BD3F82730B3F1FF3F03
:102090000ED1254B002283F82720002283F8282028
:1020A000002283F82920002283F82A200123FB71D3
:1020B0001D4B93F82130FF2B04D01B4B93F821309C
:1020C000012B05D9184B002283F821200123FB7135
:1020D000FB79002B04D01748FFF71EFE01F084FEA9
:1020E000114B1B7F1A468021134804F02AFC0E4B2B
:1020F0005B7F1A464021104804F023FC0A4B9B7F6B
:102100001A464FF480510D4804F01BFC084A0C4954
:102110000C4807F0B1FD0B48FFF7E6FD00F012FA9E
:10212000014B1B8810E000BF80000020F0A70008D2
:102130008200002054A8000800080140000C014063
:1021400068A80008B40000201A46084BB3F82530F0
:102150009BB200931346064A0649074807F08CFDD8
:102160000548FFF7D9FD0837BD4680BD8000002037
:102170008200002074A80008B400002080B582B05E
:1021800000AF78600D229549786807F0BBFD0346E3
:10219000002B03D1786800F043FF1BE1082290492F
:1021A000786807F0AFFD0346002B02D101F04EFB2B
:1021B00010E109228B49786807F0A4FD0346002B43
:1021C00002D101F061FB05E109228749786807F037
:1021D00099FD0346002B03D1786801F003F9F9E07B
:1021E0000F228249786807F08DFD0346002B03D14A
:1021F000786801F003FAEDE00D227D49786807F078
:1022000081FD0346002B03D1786801F02FFAE1E04D
:102210000B227849786807F075FD0346002B03D13F
:10222000786801F061FAD5E00B227349786807F00D
:1022300069FD0346002B03D1786801F093FAC9E0E9
:102240000E226E49786807F05DFD0346002B03D12E
:10225000786801F0C5FABDE00E226949786807F098
:1022600051FD0346002B03D1786800F047FEB1E032
:102270000E226449786807F045FD0346002B02D121
:1022800000F07EFEA6E00F225F49786807F03AFD75
:102290000346002B02D100F09BFE9BE00B225B4922
:1022A000786807F02FFD0346002B03D1002000F0D3
:1022B000CBFD8FE00C225649786807F023FD0346DA
:1022C000002B03D1786801F0FDFA83E00C2251491C
:1022D000786807F017FD0346002B03D1786801F0FA
:1022E00029FB77E00C224C49786807F00BFD034688
:1022F000002B03D1786801F055FB6BE00C224749B5
:10230000786807F0FFFC0346002B03D1786801F0E2
:102310008BFB5FE00C224249786807F0F3FC034630
:10232000002B03D1786801F0C1FB53E012223D4934
:10233000786807F0E7FC0346002B02D101F0FCFBB4
:1023400048E009223849786807F0DCFC0346002B96
:102350000DD13648FFF7E0FC00F074F800F094F877
:1023600000F070F801F004FF02F0DAF832E00C221D
:102370002F49786807F0C6FC0346002B0AD100F00D
:1023800061F800F081F800F05DF801F0F1FE02F074
:10239000C7F81FE003222749786807F0B3FC03461B
:1023A000002B07D002222449786807F0ABFC0346D3
:1023B000002B05D1FFF77AFC2048FFF7ADFC09E0C0
:1023C000012001F085FE01F00FFD01F0D1FE1C4857
:1023D000FFF7A2FC00BF0837BD4680BDA4A80008D7
:1023E000B4A80008C0A80008CCA80008D8A8000815
:1023F000E8A80008F8A8000804A9000810A9000827
:1024000020A9000830A9000840A9000850A9000828
:102410005CA900086CA900087CA900088CA9000828
:102420009CA90008ACA90008C0A90008CCA9000814
:10243000E0A90008F0A90008F4A90008F8A900081C
:1024400004AA000880B500AF2820FEF78FFE0D4BD0
:1024500028221A700DE0FFF783F80A20FEF786FEA7
:10246000084B93F90030DBB2013BDBB25AB2054BAB
:102470001A70044B93F90030002BECD100BF00BF61
:1024800080BD00BF263C002080B58AB000AF274841
:10249000FFF72AFC1420FEF769FE254B00225A7430
:1024A00000237B624FF4C8733B6236E0214B1B88EC
:1024B0009AB2214B1B889BB29A4228D01D4B1B8895
:1024C0009BB21A461D4B995C194A7B6A13440A4613
:1024D0001A70184B1B889BB201335A42DBB2D2B23E
:1024E00058BF53429AB2134B1A807B6A01337B6206
:1024F0007B6A112B0BD13B460D4A1149184607F058
:10250000BBFB3B461846FFF707FC01233B620A2052
:10251000FEF72CFE3B6A013B3B623B6A002BC5D1B8
:1025200000BF00BF2837BD4680BD00BF18AA000805
:10253000303C0020DE380020DC380020DC37002072
:1025400020AA000880B586B000AF1420FEF70EFE6A
:102550003B4600221A605A6000237B614FF4C87327
:102560003B6160E0344B1B889AB2344B1B889BB2B2
:102570009A4252D0304B1B889BB21A46304B9B5C20
:10258000FB722D4B1B889BB201335A42DBB2D2B295
:1025900058BF53429AB2284B1A807B69062B0CD83D
:1025A0007B695A1C7A6118333B44FA7A03F8182C79
:1025B0003A467B69134400221A70FB7A0A2B2CD10D
:1025C0000023FB6013E03A46FB6813441B780D2B95
:1025D00005D03A46FB6813441B780A2B04D13A46CF
:1025E000FB68134400221A70FB680133FB60FA6831
:1025F0007B699A42E7DB3B4612491846FDF712FE1B
:102600000346002B04D10F48FFF786FB01230EE0A1
:102610000D48FFF781FB002309E00A20FEF7A6FD25
:102620003B69013B3B613B69002B9BD10023184672
:102630001837BD4680BD00BFDE380020DC380020E2
:10264000DC370020F4A900082CAA000880B588B067
:1026500000AF5148FFF748FB1420FEF787FD3B46CB
:1026600000221A605A609A60DA600023FB61C82376
:10267000BB6170E0494B1B889AB2494B1B889BB2E7
:102680009A4265D0454B1B889BB21A46454B9B5CD2
:10269000FB74424B1B889BB201335A42DBB2D2B26D
:1026A00058BF53429AB23D4B1A80FB690E2B0CD88F
:1026B000FB695A1CFA6120333B44FA7C03F8202C56
:1026C0003A46FB69134400221A70FB7C0A2B3FD167
:1026D00000237B6113E03A467B6913441B780D2B82
:1026E00005D03A467B6913441B780A2B04D13A463D
:1026F0007B69134400221A707B6901337B617A691C
:10270000FB699A42E7DB3B4627491846FDF78AFDFD
:102710000346002B04D12548FFF7FEFA012336E0DB
:10272000234B1B780133DAB2214B1A702148FFF793
:10273000F3FA1F4B1B78042B08D91F48FFF7ECFA5C
:10274000012000F081FB1A4B00221A7000231EE0CA
:102750000A20FEF70BFDBB695A1EBA61002B89D116
:10276000134B1B780133DAB2114B1A701348FFF781
:10277000D3FA0F4B1B78042B08D90F48FFF7CCFA7C
:10278000012000F061FB0A4B00221A70002318465A
:102790002037BD4680BD00BF34AA0008DE380020C7
:1027A000DC380020DC3700203CAA000844AA0008DE
:1027B0005D3F00204CAA000868AA00088CAA000807
:1027C00080B582B000AF786004223D49786807F098
:1027D00099FA0346002B10D13A4B93F82E30002B78
:1027E00007D00220FFF75EF8034619463648FFF788
:1027F0009DFA022000F000F95DE004223349786878
:1028000007F080FA0346002B10D12E4B93F82E30A0
:10281000002B07D00220FFF745F8034619462C4845
:10282000FFF784FA022000F0FDF944E00422294970
:10283000786807F067FA0346002B02D100F0A0FB8E
:1028400039E004222449786807F05CFA0346002B3B
:1028500003D1224801F0A6F82DE00422204978682F
:1028600007F050FA0346002B03D11E4801F09AF8F6
:1028700021E004221C49786807F044FA0346002B43
:1028800003D11A4801F0D0F815E0042218497868FD
:1028900007F038FA0346002B03D1164801F0C4F8BC
:1028A00009E07868FFF738FA022001F011FC01F026
:1028B0009BFA01F05DFC00BF0837BD4680BD00BF3C
:1028C0009CAA000880000020A4AA0008C4AA00084E
:1028D000CCAA0008ECAA0008F4AA0008FCAA000888
:1028E0000CAB000814AB000824AB00082CAB0008AC
:1028F0003CAB000844AB000880B500AF01221021BA
:102900002C4804F01EF8012220212A4804F019F86E
:1029100001220221284804F014F84FF4FA70FEF75F
:1029200025FC00221021234804F00BF8002220216E
:10293000204804F006F8002202211F4804F001F8A4
:10294000012204211C4803F0FCFF00F037F84FF48B
:10295000FA70FEF70BFC01221021164803F0F1FF7C
:1029600001222021134803F0ECFF00220421124829
:1029700003F0E7FF012208210F4803F0E2FF00F017
:1029800027F84FF4FA70FEF7F1FB002210210948F6
:1029900003F0D7FF00222021064803F0D2FF0022D7
:1029A0000821054803F0CDFF4FF4FA70FEF7DEFB77
:1029B00000BF80BD000801400010014080B500AF9D
:1029C000024805F0BDFD00BF80BD00BF303E0020C5
:1029D00080B500AF064805F013FE1420FEF7C6FBD5
:1029E00000220121034803F0ACFF00BF80BD00BFFF
:1029F000303E00200010014080B586B000AF034695
:102A0000FB717C4AFB7913707B4B93F82B30002BC6
:102A100023D1794B93F83130012B01D1042300E00D
:102A20000223764A32F813309BB2B3F51B6F14D2EF
:102A3000714B93F82E30002B08D0FB791846FEF727
:102A400031FF034619466E48FFF770F9022001F086
:102A50008BFD002001F088FDC9E06A4B00221A704E
:102A6000694B00221A70012001F07EFD674B1B7834
:102A7000DBB2002B09D101221021654803F061FF70
:102A800000222021624803F05CFF02F019FC38614B
:102A900001F03EFBF8600023FB7512E05B4B1B78F6
:102AA000DBB2012B02D10023FB7512E0554B1B78E2
:102AB000DBB2012B02D10123FB750AE00A20FEF7ED
:102AC00055FB02F0FDFB02463B69D31AFA689A42B5
:102AD000E4D8494B93F82B30012B06D14B4B1B7894
:102AE000DBB2002B01D10123FB75484B1B78DBB215
:102AF000002B02D16420FEF739FB444B1B78DBB27C
:102B0000002B01D00023FB7500221021404803F068
:102B100018FF002220213E4803F013FF40F6B83092
:102B2000FEF724FB344B93F83130012B01D1042301
:102B300000E00223314A32F813309BB240F6AF1264
:102B4000934294BF01230023DBB21A46314B1A7023
:102B5000294B93F83030012B01D1032300E00123EE
:102B6000264A32F813309BB240F6AF12934294BF1C
:102B700001230023DBB21A46274B1A70FB7D012B81
:102B80001CD101224FF48051244803F0DAFE01F0F9
:102B9000D9FA194B93F82E30002B08D0FB79184640
:102BA000FEF780FE034619461548FFF7BFF80220DE
:102BB00001F0DAFC002001F0D7FC18E0032001F05E
:102BC00087FA01F011F90C4B93F82E30002B08D046
:102BD000FB791846FEF766FE034619461048FFF7D4
:102BE000A5F8052001F0C0FC002001F0BDFC18375D
:102BF000BD4680BD6B3C0020800000205C3C002076
:102C000054AB0008683C0020663C0020503C00208B
:102C100000080140693C00206A3C0020000C014093
:102C20006CAB000880B586B000AF0346FB717B4AF1
:102C3000FB7913707A4B93F82B30002B23D1784B10
:102C400093F83030012B01D1032300E00123754AB2
:102C500032F813309BB2B3F51B6F14D2704B93F85C
:102C60002E30002B08D0FB791846FEF71BFE0346DA
:102C700019466D48FFF75AF8042001F075FC002052
:102C800001F072FCC6E0694B00221A70032001F0CB
:102C90006BFC674B1B78DBB2002B09D10122202192
:102CA000644803F04EFE00221021624803F049FE02
:102CB00002F006FB386101F02BFAF8600023FB7587
:102CC00012E05B4B1B78DBB2012B02D10023FB75BA
:102CD00012E0564B1B78DBB2012B02D10123FB75AE
:102CE0000AE00A20FEF742FA02F0EAFA02463B69DD
:102CF000D31AFA689A42E4D8494B93F82B30012B47
:102D000006D14B4B1B78DBB2002B01D10123FB75A5
:102D1000474B1B78DBB2002B02D1C820FEF726FA06
:102D2000434B1B78DBB2002B01D00023FB75002244
:102D30001021404803F005FE002220213D4803F009
:102D400000FE40F6B830FEF711FA354B93F83130FB
:102D5000012B01D1042300E00223324A32F8133060
:102D60009BB240F6AF12934294BF01230023DBB223
:102D70001A46314B1A702A4B93F83030012B01D18F
:102D8000032300E00123274A32F813309BB240F6B8
:102D9000AF12934294BF01230023DBB21A46274BA4
:102DA0001A70FB7D012B1CD100224FF48051244866
:102DB00003F0C7FD01F0C6F9194B93F82E30002B34
:102DC00008D0FB791846FEF76DFD034619461648F4
:102DD000FEF7ACFF042001F0C7FB002001F0C4FBAC
:102DE00018E0042001F074F900F0FEFF0C4B93F89A
:102DF0002E30002B08D0FB791846FEF753FD034612
:102E000019461048FEF792FF052001F0ADFB0020A7
:102E100001F0AAFB1837BD4680BD00BF6B3C002007
:102E2000800000205C3C002084AB0008683C00204F
:102E3000503C002000080140693C00206A3C002012
:102E4000000C014098AB000880B584B002AF034687
:102E5000FB712048FEF760FF97F90730002B29D15E
:102E60001D4B00931D4B1E4A1E491F4806F004FFD0
:102E70001D48FEF759FC1D4BDB7F002B0DD01B4B73
:102E8000DB7F1A461A49184806F0F6FE1648FEF788
:102E90004BFC41F28830FEF769F90F4B00930F4B62
:102EA0000F4A1449104806F0E7FE0F48FEF73CFCB5
:102EB000FDF7CAF9052001F00BF900F095FF01F0CC
:102EC00057F900F085F80C48FEF726FF00BF0837D9
:102ED000BD4680BDB0AB000830A7000882000020CE
:102EE00004A70008CCAB0008B4000020800000203C
:102EF000E8AB0008FCAB000824AC000880B586B045
:102F000002AF78607B680E33184606F07FFD0346FB
:102F1000FB73FB7B042B16D8124AFB7BD37700F0A4
:102F200063FF01F025F90F4BDB7F1A460E4B01932F
:102F300000920E4B0E4A0F490F4806F09DFE0E48B8
:102F4000FEF7C6FE09E0062001F0C2F800F04CFFD3
:102F500001F00EF90948FEF7DFFE00BF1037BD464D
:102F600080BD00BF8000002030A700088200002044
:102F700004A700084CAC0008B40000206CAC0008AA
:102F800080B582B000AF0E4BDB7FFB7100F0AEFE70
:102F900000F02AFF0B48FEF7BFFEFB79002B0CD098
:102FA000FB791A460849094806F066FE0748FEF70D
:102FB000BBFB41F28830FEF7D9F8FDF745F900BFB9
:102FC0008000002084AC0008E8AB0008B4000020BA
:102FD00080B500AF0F48FEF79FFE00224FF48071CE
:102FE0000D4803F0AEFC072001F072F800F0FCFE83
:102FF00001F0BEF80948FEF78FFE4FF4FA60FEF7C5
:10300000B5F801224FF48071034803F09AFC00BF29
:1030100080BD00BFA8AC000800080140C0AC00089B
:1030200080B58CB002AF786007F1080300221A6007
:103030005A609A60DA601A61C3F813207B6803F162
:103040000D0107F108031622184606F06DFE002355
:10305000BB7707F108031846FDF7EEF8786208E041
:103060007B6A013B7B6207F108027B6A1344002202
:103070001A707B6A002B0FD07B6A013B28333B44DC
:1030800013F8203C0D2BEBD07B6A013B28333B44EB
:1030900013F8203C0A2BE3D007F108033B6202E05F
:1030A0003B6A01333B623B6A1B78202BF8D03B6ABA
:1030B0001B78002B2CD03B6A304A1721304806F091
:1030C000A5FD00F091FEFFF7BDF92D4A2D492E48D0
:1030D00006F0D2FD2C48FEF707FEFFF733FA034651
:1030E000002B0AD0092000F0F3FF00F07DFE01F074
:1030F0003FF82648FEF710FE3CE0082000F0E8FF0D
:1031000000F072FE01F034F82148FEF705FE31E0D0
:1031100001F0B8FF03460833184A1721184806F093
:1031200075FD00F061FEFFF78DF9154A1549164847
:1031300006F0A2FD1448FEF7D7FDFFF703FA034699
:10314000002B0DD0134B01930D4B00930C4B124AE7
:1031500012490D4806F090FD0B48FEF7B9FD09E055
:103160000A2000F0B5FF00F03FFE01F001F80C4826
:10317000FEF7D2FD00BF2837BD4680BDF0A700088E
:103180008200002068A80008B4000020E4AC000819
:1031900008AD000830A7000804A7000824AD000807
:1031A00058AD000880B483B000AF03460A46FB80E8
:1031B00013467B71FB8840F6B112934201D901237B
:1031C00007E0FB8840F6B902934201D8002300E0F3
:1031D0007B7918460C37BD4680BC704780B582B0FD
:1031E00000AF0346FB71FB79012B18D11A4B93F802
:1031F0003030012B01D1012300E00323174A32F8BC
:1032000013309BB2164A127811461846FFF7CAFFD0
:1032100003461A46124B1A70114B1B7817E00E4BDF
:1032200093F83130012B01D1022300E004230B4A33
:1032300032F813309BB20B4A127811461846FFF74A
:10324000B1FF03461A46074B1A70064B1B78184607
:103250000837BD4680BD00BF800000205C3C0020D8
:10326000020000200300002080B582B000AF0346BA
:10327000FB71FB7903F00103002B26D02B4B0122BD
:103280001A700120FFF7AAFF03461A46284B1A704E
:10329000274B1A78274B1A70274B00221A70274B9E
:1032A00093F83030012B01D1032300E00123244A9D
:1032B00032F813309BB240F6AF12934294BF012311
:1032C0000023DBB21A461F4B1A70FB7903F002038E
:1032D000002B26D01C4B01221A700220FFF77EFF24
:1032E00003461A46194B1A70184B1A78184B1A7065
:1032F000184B00221A70114B93F83130012B01D179
:10330000042300E002230E4A32F813309BB240F649
:10331000AF12934294BF01230023DBB21A460E4B37
:103320001A7000BF0837BD4680BD00BF02000020F4
:10333000D437002001000020D53700208000002075
:103340005C3C00206A3C002003000020CD370020B8
:1033500000000020D6370020693C002080B483B0F4
:1033600000AF78607B681B780D2B02D17B6801333E
:103370007B607B681B780A2B02D17B6801337B6002
:103380007B681B78002B0CBF01230023DBB218469F
:103390000C37BD4680BC704780B584B004AF0C4B81
:1033A00093F830301A460A4B93F831301946094BDE
:1033B000029301910092084B084A4FF4A07108480B
:1033C00006F024FC0648FEF783FC00BFBD4680BD26
:1033D0008000002030A7000804A7000878AD00088E
:1033E000B4000020B0B598B004AF7860002387F82F
:1033F0004F300A227449786806F084FC0346002B9B
:103400000AD17B680A331846FFF7A8FF0346002B52
:1034100002D0FFF7C1FFD4E00D226C49786806F0B6
:1034200071FC0346002B03D1012387F84F300AE0DB
:103430000D226749786806F065FC0346002B02D12F
:10344000022387F84F3097F84F30002B11D07B685C
:103450000D331B78302B04D07B680D331B78312B58
:1034600007D17B680E331846FFF778FF0346002B21
:103470000CD1584B0093584B584A4FF4A071584800
:1034800006F0C4FB5648FEF723FC9AE07B680D3338
:103490001B78303B87F84E3097F84F30012B03D123
:1034A000504B93F8303002E04E4B93F8313087F8B0
:1034B0004D3097F84E2097F84D309A4202D1FFF7E1
:1034C0006BFF7EE0484B1B78DBB2002B0DD1102147
:1034D000464803F01FFA0346002B06D1202143483B
:1034E00003F018FA0346002B0CD03A4B00933A4BEA
:1034F0003F4A4FF4A0713A4806F088FB3848FEF77F
:10350000E7FB5EE0374B07F10C041D460FCD0FC4FF
:103510000FCD0FC40FCD0FC42B68238097F84F3009
:10352000012B04D197F84E3087F83C3003E097F830
:103530004E3087F83D304FF0FF3302933223019332
:1035400007F10C03009310230022A021294803F067
:103550006DFB0346002B0CD01E4B00931E4B264ADE
:103560004FF4A0711E4806F051FB1D48FEF7B0FB5A
:1035700027E00520FDF7FAFDEFF310837B647B6CF9
:10358000BB6472B600BF97F84F30012B05D1154AC6
:1035900097F84E3082F8303004E0124A97F84E30F7
:1035A00082F8313097F84F301846FFF75DFE00F093
:1035B0003FFBBB6C3B643B6C83F3108800BFFFF7A1
:1035C000EBFE5037BD46B0BD8CAD000898AD00088D
:1035D000A8AD000830A7000804A70008B8AD00088F
:1035E000B400002080000020673C0020000801405B
:1035F000D8AD0008EC3C0020F4AD000880B584B0E4
:1036000000AF78607B68DB7BFB737B681B7CBB73E4
:10361000FB7B302B02D0FB7B312B13D1BB7B0D2BE3
:1036200005D0BB7B0A2B02D0BB7B002B0AD1FB7BD6
:10363000303BDAB20B4B83F82B2000F0D5FB00F0C7
:1036400097FD0AE0132000F043FD00F0CDFB00F0F1
:103650008FFD0548FEF760FB00BF00BF1037BD4679
:1036600080BD00BF800000200CAE000880B584B093
:1036700000AF78600023BB607B680D3307F1080161
:103680000A22184606F0B8FAF8607B6803F10D02CA
:10369000BB689A4214D0FB680A2B11D8BB681B7810
:1036A0001846FEF77FF80346002B09D0FB68DAB214
:1036B0000B4B83F82F2000F097FB00F059FD0AE038
:1036C000172000F005FD00F08FFB00F051FD0548CC
:1036D000FEF722FB00BF00BF1037BD4680BD00BF14
:1036E0008000002028AE000880B584B000AF78606C
:1036F0007B68DB7AFB737B681B7BBB73FB7B1846A9
:10370000FEF767F80346002B18D0FEF791F8034642
:103710001A46FB7B934211D0BB7B1846FEF742F85A
:103720000346002B0AD00D4AFB7B82F82C3000F0B8
:103730005BFB00F01DFD00F0F3FE0AE0142000F03A
:10374000C7FC00F051FB00F013FD0548FEF7E4FA5A
:1037500000BF00BF1037BD4680BD00BF8000002005
:1037600054AE000880B584B000AF78607B68DB7A27
:10377000FB737B681B7BBB73FB7B1846FEF729F84A
:103780000346002B18D0FEF73FF803461A46FB7B92
:10379000934211D0BB7B1846FEF704F80346002B7A
:1037A0000AD00D4AFB7B82F82D3000F01DFB00F0A3
:1037B000DFFC00F0B5FE0AE0152000F089FC00F007
:1037C00013FB00F0D5FC0548FEF7A6FA00BF00BFCA
:1037D0001037BD4680BD00BF8000002074AE0008D9
:1037E00080B584B000AF78607B689B7BFB737B689F
:1037F000DB7BBB73FB7B302B02D0FB7B312B11D1EE
:10380000BB7B1846FDF7CEFF0346002B0AD0FB7B9F
:10381000303BDAB20B4B83F82E2000F0E5FA00F0D3
:10382000A7FC0AE0162000F053FC00F0DDFA00F0DF
:103830009FFC0548FEF770FA00BF00BF1037BD4679
:1038400080BD00BF8000002094AE000880B500AFAE
:103850000A48FEF761FA0A4B93F82E30002B07D086
:103860000120FEF71FF8034619460648FEF75EFAE8
:103870000120FFF7C1F800BF80BD00BFB4AE000853
:1038800080000020A4AA000880B500AF0A48FEF717
:1038900043FA0A4B93F82E30002B07D00120FEF795
:1038A00001F8034619460648FEF740FA0120FFF7E3
:1038B000B9F900BF80BD00BFC4AE00088000002081
:1038C000CCAA000880B584B000AF78607B680C3368
:1038D000184606F09BF80346FB73FB7B012B13D8BD
:1038E0007B680D331B780D2B0ED10F4AFB7B1377B2
:1038F0000D4B1B7F1A4640210C4803F022F800F0C4
:1039000073FA00F035FC0AE00B2000F0E1FB00F058
:103910006BFA00F02DFC0648FEF7FEF900BF00BF71
:103920001037BD4680BD00BF800000200008014068
:10393000D4AE000880B584B000AF78607B680C33EB
:10394000184606F063F80346FB73FB7B012B13D884
:103950007B680D331B780D2B0ED10F4AFB7B537701
:103960000D4B5B7F1A4680210C4802F0EAFF00F005
:103970003BFA00F0FDFB0AE00B2000F0A9FB00F091
:1039800033FA00F0F5FB0648FEF7C6F900BF00BFAA
:103990001037BD4680BD00BF8000002000080140F8
:1039A000D4AE000880B584B000AF78607B680C337B
:1039B000184606F02BF80346FB73FB7B022B0CD852
:1039C0007B680D331B780D2B07D1144AFB7B537694
:1039D00000F00AFA00F0CCFB1CE0FB7B032B0ED1BD
:1039E0007B680D331B780D2B09D10120FFF7F6FB07
:1039F00003461A460A4B1A7000F0BAFB0AE00C2084
:103A000000F066FB00F0F0F900F0B2FB0548FEF7AD
:103A100083F900BF00BF1037BD4680BD8000002085
:103A2000D4370020F8AE000880B584B000AF7860CD
:103A30007B680C33184605F0E9FF0346FB73FB7BFC
:103A4000022B0CD87B680D331B780D2B07D1144A41
:103A5000FB7B937600F0C8F900F08AFB1CE0FB7B4F
:103A6000032B0ED17B680D331B780D2B09D102205F
:103A7000FFF7B4FB03461A460A4B1A7000F078FBB6
:103A80000AE00C2000F024FB00F0AEF900F070FB1F
:103A90000548FEF741F900BF00BF1037BD4680BDA5
:103AA00080000020CD370020F8AE000880B584B03B
:103AB00000AF78607B680C33184605F0A7FF03461B
:103AC000FB73FB7B022B0CD87B680D331B780D2B13
:103AD00007D1154AFB7BD37600F086F900F048FB4E
:103AE0001DE0FB7B032B0FD17B680D331B780D2B67
:103AF0000AD104210D4802F00DFF03461A460C4B73
:103B00001A7000F035FB0AE00C2000F0E1FA00F03A
:103B10006BF900F02DFB0748FEF7FEF800BF00BF71
:103B20001037BD4680BD00BF80000020000C014062
:103B3000D8370020F8AE000880B584B002AF324B11
:103B400093F83130012B01D1042300E002232F4AE6
:103B500032F813309BB240F6AF12934294BF012368
:103B60000023DBB2FB71284B93F83030012B01D1DD
:103B7000032300E00123254A32F813309BB240F6BC
:103B8000AF12934294BF01230023DBB2BB71FB79D8
:103B9000012B0BD1BB79002B08D11D4B00931D4B82
:103BA0001D4A1E491E4806F067F825E0FB79002BE8
:103BB0000BD1BB79012B08D1154B0093154B164A3D
:103BC0001849174806F058F816E0FB79012B0BD17D
:103BD000BB79012B08D10E4B00930E4B0E4A1249B4
:103BE0000F4806F049F807E0094B0093094B0A4AD1
:103BF0000E490B4806F040F80948FEF769F800BF87
:103C00000837BD4680BD00BF800000205C3C00201E
:103C100030A700088200002004A700081CAF00089D
:103C2000B400002040AF000864AF000890AF000867
:103C300080B582B000AF2A4B93F83130012B01D10F
:103C4000042300E00223274A32F813309BB240F6E7
:103C5000AF12934294BF01230023DBB2FB71204BD0
:103C600093F83030012B01D1032300E001231D4ADA
:103C700032F813309BB240F6AF12934294BF012347
:103C80000023DBB2BB71164AFB7982F82330144A59
:103C9000BB7982F82230FB79012B08D1BB79002B4C
:103CA00005D101224FF480510F4802F04AFEFB7902
:103CB000002B08D1BB79012B05D100224FF4805194
:103CC000094802F03EFE4FF48051074802F022FE00
:103CD00003461A46024B9A7700BF0837BD4680BD9F
:103CE000800000205C3C0020000C014080B500AF4B
:103CF000384B07221A80374B00225A76354B002268
:103D00009A76344B0022DA76324B00221A77314B06
:103D100000225A772F4B00229A772E4B002283F8ED
:103D200022202C4B002283F823202A4B0022DA7712
:103D3000284B002283F82020264B002283F82B20DA
:103D4000244B7C2283F82C20224B3B2283F82D200D
:103D5000204B002283F82E201E4B002283F82F20B8
:103D60001C4B002283F830201A4B002283F83120AC
:103D7000184B002283F82120164B002283F82420C0
:103D8000144B002283F82520002283F82620114BB3
:103D9000002283F82720002283F82820002283F8BD
:103DA0002920002283F82A2001F06CF90346083309
:103DB000094A1721094805F029FF084A0849094816
:103DC00005F05AFF0748FDF78FFFFEF7BBFB00BF6A
:103DD00080BD00BF80000020F0A700088200002006
:103DE00068A80008B400002080B584B004AF4FF08C
:103DF000FF33029332230193054B009310230022DB
:103E0000A021044802F012FF00BFBD4680BD00BFE4
:103E100080000020EC3C0020F0B59FB012AF01F014
:103E200031F9034603F13E0501F02CF9034603F195
:103E30003604324BDB7FFB62304B1B7FBB622F4B68
:103E40005B7F7B622D4B9B7F3B622C4B5B7EFB61E0
:103E50002A4B9B7EBB61294BDB7E7B61274B93F812
:103E600020303B61254B93F82B30FB60234B93F8BC
:103E70002F30BB60FDF7C8FC03467B60FDF7D8FC24
:103E800003461E461D4B93F82E3018461B4B93F8E5
:103E900021301946194BB3F825309BB21A46174BFF
:103EA000D3F82730119310920F910E900D967A68E7
:103EB0000C92BA680B92FA680A923A6909927A6986
:103EC0000892BA690792FA6906923A6A05927A6A82
:103ED0000492BA6A03920A4B0293FB6A019300941C
:103EE0002B46084A0849094805F0C6FE0748FDF771
:103EF00013FF00BF3437BD46F0BD00BF8000002077
:103F0000303C002082000020B8AF0008B400002040
:103F100080B487B000AFF860B9607A6000237B613D
:103F20007B68002B26D000233B6112E0FA683B69D6
:103F300013441B783A2B09D0FA683B691A447B6911
:103F4000591C7961B9680B4412781A703B690133C6
:103F50003B61FA683B6913441B78002B04D07B68F3
:103F6000013B7A699A42E1D3BA687B691344002223
:103F70001A7000E000BF1C37BD4680BC70470000CF
:103F800090B597B002AFF860B9607A60FB70FB78CB
:103F9000002B0DD0FDF74CFC03461A4607F110002C
:103FA0007B6800931346BA680F4905F065FE10E080
:103FB000FDF73EFC03461C46FDF726FC034607F1D1
:103FC000100001937B6800932346BA68074905F007
:103FD00053FE07F110031946F86805F077FE00BF9D
:103FE0005437BD4690BD00BF84B000088CB00008B7
:103FF00090B597B002AFF860B9607A60FB70FB785B
:10400000002B0DD0FDF714FC03461A4607F11000F3
:104010007B6800931346BA680F4905F02DFE10E047
:10402000FDF706FC03461C46FDF7EEFB034607F1D1
:10403000100001937B6800932346BA68074905F096
:104040001BFE07F110031946F86805F03FFE00BF9C
:104050005437BD4690BD00BF98B00008A0B000081E
:1040600090B597B002AFF860B9607A60FB70FB78EA
:10407000002B0DD0FDF7DCFB03461A4607F11000BC
:104080007B6800931346BA680F4905F0F5FD10E010
:10409000FDF7CEFB03461C46FDF7B6FB034607F1D2
:1040A000100001937B6800932346BA68074905F026
:1040B000E3FD07F110031946F86805F007FE00BF9D
:1040C0005437BD4690BD00BFACB00008B4B0000886
:1040D00080B582B000AF0346FB710B4B93F82430E0
:1040E000FA799A420BD0084AFB7982F82430FB799E
:1040F000002B04D001F0E4F80346044A136000BF2B
:104100000837BD4680BD00BF80000020483C00202D
:1041100080B483B000AF0A4B93F82F30FB71FB796A
:104120000A2B01D90023FB71FB794FF47A7202FB51
:1041300003F303F57A6318460C37BD4680BC70471D
:104140008000002080B500AF084BD3F82730B3F1D2
:10415000FF3F06D0054BD3F827300133034AC2F89E
:104160002730FFF741FE00BF80BD00BF8000002068
:10417000B0B594B004AF07F1240300221A605A606E
:1041800007F1140300221A605A609A601A733B1DEB
:1041900000221A605A609A601A73FDF735FB0346D5
:1041A00087F83730FDF744FB034687F83630B34BCA
:1041B000FB6300F067FF03462433BB6300F062FF3C
:1041C000034608335F21184605F0C1FD38633B6B99
:1041D000002B08D03B6B013307F12400A84A0821CB
:1041E00005F014FD07E007F12403A64A92E8030056
:1041F00018600433197097F836303A2B14D107F150
:1042000014030D2219469D48FFF782FE00F03AFF85
:1042100003462433391D0D221846FFF779FE07F1B6
:104220001403FB633B1DBB631D2387F82F3097F8F6
:104230002F2097F837309449944805F01DFD944B92
:10424000DB7F1A46002393499048FFF799FE904B75
:104250001B7F1A46002390498C48FFF791FE8C4B38
:104260005B7F1A4600238D498848FFF789FE884BFB
:104270009B7F1A4600238A498448FFF781FE844BBE
:104280005B7E1A46002387498048FFF779FE804B02
:104290009B7E1A46002384497C48FFF771FE7C4BC5
:1042A000DB7E1A46002381497848FFF769FE804B80
:1042B0001B78002B0CBF01230023DBB21A4600231E
:1042C0007C497248FFF75CFE7B4B1B78002B0CBFD0
:1042D00001230023DBB21A46002378496B48FFF71D
:1042E0004FFE774B1B78002B0CBF01230023DBB262
:1042F0001A46002373496548FFF742FE644B93F862
:1043000020301A46002370496048FFF739FE604BA1
:1043100093F82B301A4600236C495C48FFF730FEB7
:104320005B4B93F82F301A46002369495748FFF733
:1043300027FE574B93F82E301A4600236549534801
:10434000FFF71EFE524B93F821301A4600236249B4
:104350004E48FFF715FE614B1B78DBB21A4600236F
:104360005F494A48FFF70CFE494B93F822301A4642
:1043700000235C494548FFF703FE454B93F8233083
:104380001A46002358494148FFF7FAFD574B1B785E
:104390001A46002356493D48FFF7F2FD3C4B93F87F
:1043A00024301A46002353493848FFF7E9FD384BBB
:1043B000B3F825309BB21A4600234F493348FFF724
:1043C000DFFD00F05FFE034603F13E0200234B4990
:1043D0002E48FFF70DFE00F055FE034603F13602AE
:1043E000002347492948FFF703FE294BD3F827202C
:1043F000002344492548FFF733FE0023424A43493E
:104400002248FFF7F5FD00F03DFE034603F11F02D1
:1044100000233F491D48FFF7EBFD0023BA6B3D49E0
:104420001A48FFF7E5FD1948FBF706FF0346174A50
:10443000981897F8364097F8373097F8362007F1F4
:104440002405F96B0291019200932B4622463249D2
:1044500005F012FC0D48FBF7EFFE03461A460B4B26
:1044600013442E4A1188927819809A700748FDF7F4
:104470002FFC00BF4037BD46B0BD00BF303C002020
:10448000F0A70008C0B00008C8B00008B4000020C1
:1044900080000020DCB00008E0B00008E8B00008B0
:1044A000F0B00008F8B0000800B1000808B100083A
:1044B000D437002010B10008CD37002018B1000813
:1044C000D837002020B1000828B1000830B100081A
:1044D00038B1000840B1000844B10008673C002032
:1044E0004CB1000850B1000854B100086B3C0020EA
:1044F00058B100085CB1000860B1000868B100085C
:104500006CB1000870B1000874B1000878B10008FF
:1045100080B1000884B100088CB10008A0B1000887
:1045200090B583B002AFFDF76FF903461C46FDF767
:104530007FF903461A46084B019300922346074A27
:104540000749084805F098FB0648FDF7C1FB00BF86
:104550000437BD4690BD00BF30A7000804A700087F
:10456000A4B10008B400002080B582B000AF0346BB
:10457000FB710A4B1B78DBB2FA799A4209D0074AE1
:10458000FB791370064B93F82E30002B01D1FFF707
:10459000EFFD00BF0837BD4680BD00BF673C00206F
:1045A0008000002080B400AF72B600BF00BFFDE7FE
:1045B00080B485B000AF154B9B69144A43F00103EA
:1045C0009361124B9B6903F00103BB60BB680F4B07
:1045D000DB690E4A43F08053D3610C4BDB6903F077
:1045E00080537B607B680A4B5B68FB60FB6823F051
:1045F000E063FB60FB6843F00073FB60044AFB6808
:10460000536000BF1437BD4680BC704700100240A5
:104610000000014080B58AB000AF786007F1180350
:1046200000221A605A609A60DA607B681B683E4A12
:10463000934275D13D4B9B693C4A43F400739361AF
:104640003A4B9B6903F400737B617B69374B9B6931
:10465000364A43F004039361344B9B6903F004032F
:104660003B613B69314B9B69304A43F008039361DE
:104670002E4B9B6903F00803FB60FB682B4B9B6987
:104680002A4A43F010039361284B9B6903F01003FF
:10469000BB60BB680723BB610323FB6107F1180301
:1046A0001946234801F0A2FF3023BB610323FB61BD
:1046B00007F1180319461F4801F098FF0323BB6157
:1046C0000323FB6107F1180319461B4801F08EFF15
:1046D0001A4B1B4A1A60194B00225A60174B0022D2
:1046E0009A60164B8022DA60144B4FF480721A6184
:1046F000124B4FF480625A61104B20229A610F4B8B
:104700000022DA610D4801F0EDFA0346002B01D0DA
:10471000FFF748FF7B68094A1A62084A7B685362C0
:1047200000BF2837BD4680BD002401400010024074
:104730000008014000100140000C0140A03C002096
:104740000800024080B485B000AF78607B681B68C9
:10475000094A93420BD1094B5B69084A43F0400375
:104760005361064B5B6903F04003FB60FB6800BFCD
:104770001437BD4680BC7047003002400010024034
:1047800080B58AB000AF786007F1180300221A6084
:104790005A609A60DA607B681B682B4A934224D186
:1047A0002A4B9B69294A43F008039361274B9B6975
:1047B00003F008037B617B69C023BB611223FB61AB
:1047C00003237B6207F118031946214801F00EFF0D
:1047D0001E4BDB691D4A43F40013D3611B4BDB699D
:1047E00003F400133B613B6929E07B681B68194AAD
:1047F000934224D1154B9B69144A43F008039361FB
:10480000124B9B6903F00803FB60FB684FF44063A5
:10481000BB611223FB6103237B6207F11803194676
:104820000B4801F0E3FE094BDB69084A43F48003BF
:10483000D361064BDB6903F48003BB60BB6800BF38
:104840002837BD4680BD00BF005400400010024024
:10485000000C01400058004080B586B000AF786081
:104860007B681B68B3F1804F14D1264BDB69254A66
:1048700043F00103D361234BDB6903F001037B6148
:104880007B69002200211C2001F0D9F91C2001F0D5
:10489000F2F932E07B681B681B4A934214D1194B32
:1048A000DB69184A43F00203D361164BDB6903F05E
:1048B00002033B613B69002200211D2001F0BFF98A
:1048C0001D2001F0D8F918E07B681B680F4A93425D
:1048D00013D10C4BDB690B4A43F00403D361094B42
:1048E000DB6903F00403FB60FB68002200211E204B
:1048F00001F0A5F91E2001F0BEF900BF1837BD4632
:1049000080BD00BF001002400004004000080040CD
:1049100080B58EB000AF786007F1280300221A60DE
:104920005A609A60DA607B681B68664A93423AD1A3
:10493000654BDB69644A43F40023D361624BDB6956
:1049400003F400237B627B6A5F4B9B695E4A43F002
:10495000100393615C4B9B6903F010033B623B6A5D
:104960004FF48063BB620223FB6203237B6307F186
:1049700028031946554801F039FE4FF40063BB6225
:104980000023FB6200233B6307F1280319464F48CD
:1049900001F02CFE00220021342001F050F93420D7
:1049A00001F069F989E07B681B68494A934245D167
:1049B000454BDB69444A43F48013D361424BDB69C6
:1049C00003F48013FB61FB693F4B9B693E4A43F054
:1049D000100393613C4B9B6903F01003BB61BB69FF
:1049E000394B9B69384A43F020039361364B9B69EE
:1049F00003F020037B617B694FF48053BB62022389
:104A0000FB6203237B6307F1280319462F4801F05B
:104A1000EDFD0423BB620023FB6200233B6307F12F
:104A2000280319462B4801F0E1FD00220021352022
:104A300001F005F9352001F01EF93EE07B681B68A6
:104A4000254A934239D1204B9B691F4A43F4804346
:104A500093611D4B9B6903F480433B613B691A4B97
:104A60009B69194A43F004039361174B9B6903F058
:104A70000403FB60FB684FF40073BB620223FB621C
:104A800003237B6307F128031946144801F0AEFDA8
:104A90004FF48063BB620023FB6200233B6307F19A
:104AA000280319460D4801F0A1FD00220021252010
:104AB00001F0C5F8252001F0DEF800BF3837BD460B
:104AC00080BD00BF004C00400010024000100140BB
:104AD000005000400014014000380140000801402F
:104AE00080B400AF00BFFDE780B400AF00BFFDE7BA
:104AF00080B400AF00BFFDE780B400AF00BFFDE7AA
:104B000080B400AF00BFFDE780B400AF00BFBD467A
:104B100080BC704780B400AF00BFBD4680BC70470A
:104B200080B400AF00BFBD4680BC704780B500AF09
:104B300000F0B4FB00BF80BD80B500AF024801F0BB
:104B4000EBFA00BF80BD00BFA03C002080B500AFE5
:104B5000024803F083FD00BF80BD00BFA03D0020E0
:104B600080B500AF024803F079FD00BF80BD00BFF3
:104B7000E83D002080B500AF024803F06FFD00BFA4
:104B800080BD00BF303E002080B500AF024804F079
:104B9000DBF900BF80BD00BF083F002080B500AF3B
:104BA000024804F0D1F900BF80BD00BF783E00206C
:104BB00080B500AF024804F0C7F900BF80BD00BF58
:104BC000C03E002080B586B000AF7860144A154B17
:104BD000D31A7B617B693B61134B1B68002B02D1AD
:104BE000114B124A1A60104B1A687B6813443A69D9
:104BF0009A4207D205F0D8F803460C221A604FF00B
:104C0000FF3309E0084B1B68FB60074B1A687B68A1
:104C10001344054A1360FB6818461837BD4680BD2B
:104C20000000012000040000603F0020004100203F
:104C300080B400AF00BFBD4680BC704780B487B071
:104C400000AF786039604FF0FF337B6100233B6138
:104C50001DE07A683B6913441B781A467B69534010
:104C60007B610023FB600CE07B695A087B6903F0E1
:104C7000010359420B4B0B4053407B61FB680133EE
:104C8000FB60FB68072BEFD93B6901333B613A6955
:104C90003B689A42DDD37B69DB4318461C37BD462F
:104CA00080BC70472083B8ED80B485B000AF7860D9
:104CB00039600023FB6002E0FB680133FB60FA68A7
:104CC0003B689A4205D27A68FB6813441B78002B34
:104CD000F2D1FB68002B03D0FA683B689A4201D1FD
:104CE000002312E0FB68BB600AE07A68BB681344EB
:104CF0001B78002B01D0002307E0BB680133BB60A9
:104D0000BA683B689A42F0D3012318461437BD466F
:104D100080BC704780B483B000AF0346FB71FB7961
:104D20002F2B02D9FB79392B05D9FB79402B04D9DC
:104D3000FB79462B01D8012300E0002318460C37ED
:104D4000BD4680BC7047000080B58EB000AF786073
:104D50007B681B68A54A93420FD17B689B889BB2F6
:104D6000022B0AD17B68DB889BB24C2B05D17B6878
:104D7000B3F846309BB2002B01D001234DE148210E
:104D80007868FFF75BFF02467B689B6C9A4201D014
:104D9000022342E17B68083317211846FFF784FF9E
:104DA0000346002B23D07B681F3305211846FFF7ED
:104DB0007BFF0346002B1AD07B6824331221184650
:104DC000FFF772FF0346002B11D07B6836330821B2
:104DD0001846FFF769FF0346002B08D07B683E3377
:104DE00008211846FFF760FF0346002B01D103237B
:104DF00013E17B681F331846FBF71EFA0346042BAA
:104E000007D17B6824331846FBF716FA0346112BAB
:104E100001D0032301E100237B6312E07A687B6BFE
:104E200013441F331B782F2B06D97A687B6B1344EE
:104E30001F331B78392B01D90323EEE07B6B013341
:104E40007B637B6B032BE9D900233B632AE0396B3F
:104E5000674BA3FB01235A0813465B001344CA1A8D
:104E6000022A0AD17A683B6B134424331B783A2B0D
:104E700014BF01230023DBB20DE07A683B6B1344BF
:104E800024331B781846FFF745FF0346002B0CBF61
:104E900001230023DBB2002B01D00323BDE03B6BD9
:104EA00001333B633B6B102BD1D97B6824335149D1
:104EB0001846FBF7B7F90346002B08D07B6824336C
:104EC0004D491846FBF7AEF90346002B01D10323E9
:104ED000A3E07B68363349491846FBF7A3F903463C
:104EE000002B01D0042398E07B683E3344491846E8
:104EF000FBF798F90346002B01D005238DE0414ACA
:104F000007F10C0307CA03C31A7007F11503002247
:104F10001A605A609A609A810823FB620023BB6280
:104F20002AE07A68BB6A134436331B782E2B1FD0D5
:104F30007A68BB6A134436331B782F2B09D97A68F9
:104F4000BB6A134436331B78392B02D8FB6A102B0B
:104F500001D9032361E0FB6A5A1CFA627968BA6AD4
:104F60000A443632127838333B4403F82C2C00E0E4
:104F700000BFBB6A0133BB627A68BB6A1344363335
:104F80001B78002BCDD1FB6A5A1CFA6238333B44A4
:104F90005F2203F82C2C7B6808331846FBF74CF98A
:104FA0000246FB6A04339A420AD17B68083307F150
:104FB0000C01FA6A184604F0A5FE0346002B01D046
:104FC00003232AE0FB6A7B6221E07A687B6A134450
:104FD00008331B782F2B06D97A687B6A1344083371
:104FE0001B78392B10D9032317E000BF54515431DB
:104FF000ABAAAAAAC0B10008D4B10008E8B1000861
:10500000ECB10008F0B100087B6A01337B62FB6AF7
:1050100004337A6A9A42D8D3002318463837BD46FB
:1050200080BD00BF80B584B000AF144BBB60144B93
:105030007B600023FB600BE0BA68FB681A44796868
:10504000FB680B441278D2B21A70FB680133FB6024
:10505000FB684B2BF0D90A48FFF776FE0346FB703E
:10506000FB78002B04D04C220021054804F026FEDA
:10507000FB7818461037BD4680BD00BF00F8070812
:10508000643F002080B400AF024B1846BD4680BC90
:10509000704700BF643F002080B59EB000AF03465C
:1050A000FB71414AFB791370404B9B693F4A43F0C7
:1050B000040393613D4B9B6903F004037B617B69AF
:1050C0003A4B9B69394A43F008039361374B9B691C
:1050D00003F008033B613B69344B9B69334A43F05F
:1050E00010039361314B9B6903F01003FB60FB6875
:1050F00007F1600300221A605A609A60DA600123A7
:105100007B660223FB660023BB6600224FF4F87126
:10511000274801F016FC4FF4F8733B6607F1600373
:105120001946234801F062FA00224FF481512148C8
:1051300001F007FC4FF481533B6607F16003194609
:105140001C4801F053FA002242F281011A4801F092
:10515000F8FB42F281033B6607F1600319461648EB
:1051600001F044FAFB7907F11800144A482104F0D1
:105170004DFD78677B6F9AB207F11801C82310487C
:1051800003F032FE4FF400510B4801F0F2FB00F047
:1051900097F8386700BF00F093F802463B6FD31AC8
:1051A000F92BF8D9EEE700BFB03F00200010024015
:1051B00000080140000C01400010014008B2000846
:1051C000783E0020FFF734FD0B480C490C4A0023C1
:1051D00002E0D458C4500433C4188C42F9D3094AAD
:1051E000094C002301E013600432A242FBD304F017
:1051F000E1FDFBF73FF8704700000020640000204D
:10520000ACB300086400002000410020FEE700006D
:1052100080B500AF084B1B68074A43F010031360CA
:10522000032000F001FD0F2000F008F8FFF7C0F99F
:105230000023184680BD00BF0020024080B582B028
:1052400000AF7860124B1A68124B1B7819464FF466
:105250007A73B3FBF1F3B2FBF3F3184600F019FDD8
:105260000346002B01D001230EE07B680F2B0AD8E8
:10527000002279684FF0FF3000F0E1FC064A7B68BD
:105280001360002300E0012318460837BD4680BDA7
:1052900008000020100000200C00002080B400AFA7
:1052A000054B1B781A46054B1B681344034A1360D1
:1052B00000BFBD4680BC704710000020B43F0020F6
:1052C00080B400AF024B1B681846BD4680BC7047D7
:1052D000B43F002080B586B000AF78600023FB7536
:1052E00000233B610023BB600023FB607B68002B35
:1052F00001D10123CEE07B689B68002B7B689B6A11
:10530000002B09D17B680022DA627B68002283F8D7
:1053100024207868FFF77EF9786800F011FB0346D7
:10532000FB757B689B6A03F01003002B40F0A9809B
:10533000FB7D002B40F0A5807B689B6A23F488539B
:1053400023F0020343F002027B689A627B685A688A
:105350007B681B6851498B420AD17B68DB69B3F5D6
:10536000402F02D07B68DB6904E04FF4002301E0AA
:105370007B68DB691A437B681B7B5B001343BA685D
:105380001343BB607B689B68B3F5807F03D07B6869
:105390009B68012B02D14FF4807300E000233A692F
:1053A00013433B617B681B7D012B19D17B681B7B01
:1053B000002B09D17B689B69013B5A033B6913436E
:1053C00043F400633B610BE07B689B6A43F020027F
:1053D0007B689A627B68DB6A43F001027B68DA6271
:1053E0007B681B685B6823F469417B681B683A69CA
:1053F0000A435A607B681B689A68294B13407A6895
:105400001268B9680B4393607B689B68B3F5807F33
:1054100003D07B689B68012B04D17B681B69013B2F
:105420001B05FB607B681B68DB6A23F470017B68EB
:105430001B68FA680A43DA627B681B689A68194B32
:105440001340BA689A420BD17B680022DA627B680B
:105450009B6A23F0030343F001027B689A6218E021
:105460007B689B6A23F0120343F010027B689A6208
:105470007B68DB6A43F001027B68DA620123FB751B
:1054800007E07B689B6A43F010027B689A62012305
:10549000FB75FB7D18461837BD4680BD003C0140BA
:1054A000FDF7E1FFFE0E1FFF80B586B000AFF8608C
:1054B000B9607A600023FB75FB681B68644A9342FD
:1054C00004D0FB681B68634A934206D1604B5B685B
:1054D00003F47023002B40F0B380FB6893F8243072
:1054E000012B01D10223AEE0FB68012283F82420C6
:1054F000F86800F0CBF90346FB75FB7D002B40F00C
:105500009A80FB689B6A23F4706323F0010343F4E1
:105510008072FB689A62FB681B684E4A934205D111
:105520004B4B5B6803F47023002B15D1FB689B6A1F
:1055300023F48012FB689A62FB681B685B6803F4C3
:105540008063002B26D0FB689B6A23F4405343F40E
:105550008052FB689A621DE0FB689B6A43F48012EC
:10556000FB689A62FB681B68394A934204D0FB6867
:105570001B68384A93420DD1354B5B6803F4806356
:10558000002B07D0FB689B6A23F4405343F48052FE
:10559000FB689A62FB689B6A03F48053002B06D079
:1055A000FB68DB6A23F00602FB68DA6202E0FB6854
:1055B0000022DA62FB68002283F82420FB681B6A61
:1055C000254A9A62FB681B6A244ADA62FB681B6AF6
:1055D000234A1A63FB681B686FF002021A60FB68BB
:1055E0001B689A68FB681B6842F480729A60FB68CB
:1055F000186AFB681B684C331946BA687B6800F070
:10560000E7FBFB681B689B6803F46023B3F5602F1E
:1056100008D1FB681B689A68FB681B6842F4A0020B
:105620009A600FE0FB681B689A68FB681B6842F48D
:1056300080129A6006E0FB68002283F8242001E0D3
:105640000123FB75FB7D18461837BD4680BD00BFA2
:105650000024014000280140C35900083F5A0008B7
:105660005B5A000880B483B000AF786000BF0C378D
:10567000BD4680BC704780B483B000AF786000BF87
:105680000C37BD4680BC704780B483B000AF7860F3
:1056900000BF0C37BD4680BC7047000080B485B0A9
:1056A00000AF786039600023FB730023BB607B6828
:1056B00093F82430012B01D10223DCE07B68012226
:1056C00083F824203B685B68062B1CD87B681B682A
:1056D000596B3B685A6813469B001344053B1F22D5
:1056E00002FA03F3DB4319403B6818683B685A68C9
:1056F00013469B001344053B00FA03F27B681B68CA
:105700000A435A633CE03B685B680C2B1CD87B68FF
:105710001B68196B3B685A6813469B001344233B74
:105720001F2202FA03F3DB4319403B6818683B6809
:105730005A6813469B001344233B00FA03F27B682C
:105740001B680A431A631BE07B681B68D96A3B68C5
:105750005A6813469B001344413B1F2202FA03F38D
:10576000DB4319403B6818683B685A6813469B0046
:105770001344413B00FA03F27B681B680A43DA6278
:105780003B681B68092B1CD97B681B68D9683B6880
:105790001A6813465B0013441E3B072202FA03F308
:1057A000DB4319403B6898683B681A6813465B0006
:1057B00013441E3B00FA03F27B681B680A43DA605D
:1057C00019E07B681B6819693B681A6813465B001F
:1057D0001344072202FA03F3DB4319403B6898683D
:1057E0003B681A6813465B00134400FA03F27B68B7
:1057F0001B680A431A613B681B68102B03D03B6887
:105800001B68112B32D17B681B681D4A934225D13E
:105810007B681B689B6803F40003002B26D17B6820
:105820001B689A687B681B6842F400029A603B68B8
:105830001B68102B1AD1134B1B68134AA2FB0323BE
:105840009A0C13469B0013445B00BB6002E0BB68EC
:10585000013BBB60BB68002BF9D107E07B689B6A0A
:1058600043F020027B689A620123FB737B6800226D
:1058700083F82420FB7B18461437BD4680BC704754
:10588000002401400800002083DE1B4380B584B063
:1058900000AF78600023FB600023BB607B681B685F
:1058A0009B6803F00103012B40D07B681B689A685A
:1058B0007B681B6842F001029A601F4B1B681F4AFD
:1058C000A2FB03239B0CBB6002E0BB68013BBB60F7
:1058D000BB68002BF9D1FFF7F3FCF8601FE0FFF77E
:1058E000EFFC0246FB68D31A022B18D97B681B68B1
:1058F0009B6803F00103012B11D07B689B6A43F086
:1059000010027B689A627B68DB6A43F001027B6865
:10591000DA627B68002283F82420012307E07B6899
:105920001B689B6803F00103012BD8D100231846A4
:105930001037BD4680BD00BF0800002083DE1B433A
:1059400080B584B000AF78600023FB607B681B6883
:105950009B6803F00103012B2ED17B681B689A68BA
:105960007B681B6822F001029A60FFF7A9FCF860CF
:105970001BE0FFF7A5FC0246FB68D31A022B14D9E3
:105980007B681B689B6803F00103012B0DD17B68CA
:105990009B6A43F010027B689A627B68DB6A43F083
:1059A00001027B68DA62012307E07B681B689B6861
:1059B00003F00103012BDCD0002318461037BD464D
:1059C00080BD80B584B000AF78607B685B6AFB60A7
:1059D000FB689B6A03F05003002B27D1FB689B6A8E
:1059E00043F40072FB689A62FB681B689B6803F4CF
:1059F0006023B3F5602F15D1FB681B7B002B11D101
:105A0000FB689B6A23F48072FB689A62FB689B6A5E
:105A100003F48053002B05D1FB689B6A43F001021D
:105A2000FB689A62F868FFF71DFE04E0FB681B6ADA
:105A30001B6B7868984700BF1037BD4680BD80B5A6
:105A400084B000AF78607B685B6AFB60F868FFF742
:105A500012FE00BF1037BD4680BD80B584B000AFD8
:105A600078607B685B6AFB60FB689B6A43F040027E
:105A7000FB689A62FB68DB6A43F00402FB68DA6247
:105A8000F868FFF701FE00BF1037BD4680BD00007B
:105A900080B485B000AF78607B6803F00703FB60DB
:105AA0000C4BDB68BB60BA684FF6FF031340BB606A
:105AB000FB681A02BB68134343F0BF6343F400332F
:105AC000BB60044ABB68D36000BF1437BD4680BCCE
:105AD000704700BF00ED00E080B400AF044BDB680E
:105AE0001B0A03F007031846BD4680BC704700BF81
:105AF00000ED00E080B483B000AF0346FB7197F97E
:105B00000730002B0BDBFB7903F01F02064997F9E6
:105B100007305B09012000FA02F241F8232000BFA0
:105B20000C37BD4680BC704700E100E080B483B014
:105B300000AF03463960FB7197F90730002B0ADB91
:105B40003B68DAB20C4997F907301201D2B20B4424
:105B500083F800230AE03B68DAB20849FB7903F0D6
:105B60000F03043B1201D2B20B441A7600BF0C376C
:105B7000BD4680BC704700BF00E100E000ED00E0E2
:105B800080B489B000AFF860B9607A60FB6803F058
:105B90000703FB61FB69C3F10703042B28BF042340
:105BA000BB61FB690433062B02D9FB69033B00E0B0
:105BB00000237B614FF0FF32BB6902FA03F3DA4343
:105BC000BB681A407B699A404FF0FF317B6901FA4C
:105BD00003F3D9437B680B40134318462437BD4673
:105BE00080BC704780B582B000AF78607B68013BB5
:105BF000B3F1807F01D301230FE00A4A7B68013BA8
:105C000053600F214FF0FF30FFF790FF054B00224C
:105C10009A60044B07221A60002318460837BD46D5
:105C200080BD00BF10E000E080B582B000AF7860BA
:105C30007868FFF72DFF00BF0837BD4680BD80B5EF
:105C400086B000AF0346B9607A60FB7300237B61C6
:105C5000FFF742FF78617A68B9687869FFF790FFCB
:105C6000024697F90F3011461846FFF75FFF00BF55
:105C70001837BD4680BD80B582B000AF0346FB71CA
:105C800097F907301846FFF735FF00BF0837BD46C4
:105C900080BD80B582B000AF78607868FFF7A2FF62
:105CA000034618460837BD4680BD80B582B000AFB8
:105CB00078607B68002B01D101230EE07B685B7963
:105CC000DBB2002B05D17B6800221A717868FEF7E1
:105CD00039FD7B6801225A71002318460837BD46FA
:105CE00080BD000080B485B000AF78600023FB6009
:105CF0007B68002B01D1012359E07B681B681A46A1
:105D00002D4B9A420FD87B681B681A462B4B1344C5
:105D10002B4AA2FB03231B099A007B681A647B6849
:105D2000284ADA630EE07B681B681A46264B134448
:105D3000234AA2FB03231B099A007B681A647B6831
:105D4000224ADA637B68022283F821207B681B6881
:105D50001B68FB60FB6823F47F5323F03003FB6078
:105D60007B685A687B689B681A437B68DB681A43C8
:105D70007B681B691A437B685B691A437B689B6974
:105D80001A437B68DB691343FA681343FB607B6843
:105D90001B68FA681A607B6800229A637B6801229C
:105DA00083F821207B68002283F8202000231846F6
:105DB0001437BD4680BC704707040240F8FFFDBFA2
:105DC000CDCCCCCC00000240F8FBFDBF000402406B
:105DD00080B586B000AFF860B9607A603B600023A0
:105DE000FB75FB6893F82030012B01D102234BE0B7
:105DF000FB68012283F82020FB6893F82130DBB296
:105E0000012B3AD1FB68022283F82120FB68002293
:105E10009A63FB681B681A68FB681B6822F0010222
:105E20001A603B687A68B968F86800F0B1FBFB68F3
:105E3000DB6A002B08D0FB681B681A68FB681B68CC
:105E400042F00E021A600FE0FB681B681A68FB68DC
:105E50001B6822F004021A60FB681B681A68FB6862
:105E60001B6842F00A021A60FB681B681A68FB682C
:105E70001B6842F001021A6005E0FB68002283F80B
:105E800020200223FB75FB7D18461837BD4680BDD8
:105E900080B485B000AF78600023FB737B6893F813
:105EA0002130DBB2022B08D07B6804229A637B6826
:105EB000002283F82020012320E07B681B681A68F9
:105EC0007B681B6822F00E021A607B681B681A68E8
:105ED0007B681B6822F001021A607B681A6C7B6881
:105EE000DB6B012101FA02F25A607B68012283F820
:105EF00021207B68002283F82020FB7B1846143782
:105F0000BD4680BC7047000080B584B000AF7860AB
:105F10000023FB737B6893F82130DBB2022B05D0A2
:105F20007B6804229A630123FB73D6E07B681B68BD
:105F30001A687B681B6822F00E021A607B681B6877
:105F40001A687B681B6822F001021A607B681B6874
:105F50001A46644B9A4258D97B681B68624A93423E
:105F60004FD07B681B68614A934248D07B681B68AE
:105F70005F4A934240D07B681B685E4A934238D0A8
:105F80007B681B685C4A934230D07B681B685B4A25
:105F9000934228D07B681B68524A934220D07B688A
:105FA0001B68574A934219D07B681B68554A934235
:105FB00012D07B681B68544A93420AD07B681B68E6
:105FC000524A934202D14FF480531BE04FF4803386
:105FD00018E04FF4807315E0102313E0012311E063
:105FE0004FF080730EE04FF480130BE04FF48033DA
:105FF00008E04FF4805305E04FF4807302E0102373
:1060000000E00123424A536057E07B681B68364A30
:1060100093424FD07B681B68344A934248D07B68D8
:106020001B68334A934240D07B681B68314A9342D5
:1060300038D07B681B68304A934230D07B681B683D
:106040002E4A934228D07B681B68264A934220D070
:106050007B681B682A4A934219D07B681B68294ACF
:10606000934212D07B681B68274A93420AD07B6810
:106070001B68264A934202D14FF480531BE04FF431
:10608000803318E04FF4807315E0102313E00123F0
:1060900011E04FF080730EE04FF480130BE04FF4EB
:1060A000803308E04FF4805305E04FF4807302E042
:1060B000102300E00123174A53607B68012283F814
:1060C00021207B68002283F820207B685B6B002BFB
:1060D00003D07B685B6B78689847FB7B184610376A
:1060E000BD4680BD80000240080002401C00024006
:1060F0003000024044000240580002406C00024060
:10610000080402401C0402403004024044040240DF
:10611000000402400000024080B584B000AF786007
:106120007B68DB6B1B68FB607B681B681B68BB6064
:106130007B681B6C04229A40FB681340002B00F024
:10614000F180BB6803F00403002B00F0EB807B6858
:106150001B681B6803F02003002B07D17B681B68BA
:106160001A687B681B6822F004021A607B681B684F
:106170001A465F4B9A4258D97B681B685D4A934226
:106180004FD07B681B685C4A934248D07B681B6891
:106190005A4A934240D07B681B68594A934238D090
:1061A0007B681B68574A934230D07B681B68564A0D
:1061B000934228D07B681B684D4A934220D07B686D
:1061C0001B68524A934219D07B681B68504A93421D
:1061D00012D07B681B684F4A93420AD07B681B68C9
:1061E0004D4A934202D14FF480431BE04FF4802389
:1061F00018E04FF4806315E0402313E0042311E01E
:106200004FF080630EE04FF480030BE04FF48023E7
:1062100008E04FF4804305E04FF4806302E0402340
:1062200000E004233D4A536057E07B681B68314A15
:1062300093424FD07B681B682F4A934248D07B68BB
:106240001B682E4A934240D07B681B682C4A9342BD
:1062500038D07B681B682B4A934230D07B681B6820
:10626000294A934228D07B681B68214A934220D058
:106270007B681B68254A934219D07B681B68244AB7
:10628000934212D07B681B68224A93420AD07B68F3
:106290001B68214A934202D14FF480431BE04FF424
:1062A000802318E04FF4806315E0402313E00423BB
:1062B00011E04FF080630EE04FF480030BE04FF4E9
:1062C000802308E04FF4804305E04FF4806302E050
:1062D000402300E00423124A53607B68DB6A002BF2
:1062E00000F036817B68DB6A7868984730E100BF50
:1062F00080000240080002401C00024030000240C2
:1063000044000240580002406C0002400804024071
:106310001C040240300402404404024000040240D5
:10632000000002407B681B6C02229A40FB6813400D
:10633000002B00F0DD80BB6803F00203002B00F0AF
:10634000D7807B681B681B6803F02003002B0BD1F0
:106350007B681B681A687B681B6822F00A021A6057
:106360007B68012283F821207B681B681A467B4BDF
:106370009A4258D97B681B68794A93424FD07B6810
:106380001B68784A934248D07B681B68764A9342E0
:1063900040D07B681B68754A934238D07B681B6885
:1063A000734A934230D07B681B68724A934228D06C
:1063B0007B681B68694A934220D07B681B686E4AE1
:1063C000934219D07B681B686C4A934212D07B6859
:1063D0001B686B4A93420AD07B681B68694A9342E8
:1063E00002D14FF400531BE04FF4003318E04FF498
:1063F000007315E0202313E0022311E04FF0007337
:106400000EE04FF400130BE04FF4003308E04FF4BC
:10641000005305E04FF4007302E0202300E0022364
:10642000594A536057E07B681B684D4A93424FD0EE
:106430007B681B684B4A934248D07B681B684A4A7A
:10644000934240D07B681B68484A934238D07B68AF
:106450001B68474A934230D07B681B68454A934289
:1064600028D07B681B683D4A934220D07B681B681C
:10647000414A934219D07B681B68404A934212D02C
:106480007B681B683E4A93420AD07B681B683D4A82
:10649000934202D14FF400531BE04FF4003318E055
:1064A0004FF4007315E0202313E0022311E04FF0B6
:1064B00000730EE04FF400130BE04FF4003308E0DC
:1064C0004FF4005305E04FF4007302E0202300E096
:1064D00002232E4A53607B68002283F820207B68C9
:1064E0009B6A002B34D07B689B6A786898472FE0C2
:1064F0007B681B6C08229A40FB681340002B28D055
:10650000BB6803F00803002B23D07B681B681A6864
:106510007B681B6822F00E021A607B681A6C7B682D
:10652000DB6B012101FA02F25A607B6801229A6357
:106530007B68012283F821207B68002283F82020D9
:106540007B681B6B002B04D07B681B6B78689847BB
:1065500000BF00BF1037BD4680BD00BF80000240B5
:10656000080002401C00024030000240440002408B
:10657000580002406C000240080402401C04024023
:106580003004024044040240000402400000024083
:1065900080B485B000AFF860B9607A603B60FB689A
:1065A0001A6CFB68DB6B012101FA02F25A60FB688E
:1065B0001B683A685A60FB685B68102B08D1FB685F
:1065C0001B687A689A60FB681B68BA68DA6007E043
:1065D000FB681B68BA689A60FB681B687A68DA60B7
:1065E00000BF1437BD4680BC7047000080B48BB03C
:1065F00000AF7860396000237B6200233B6279E161
:1066000001227B6A02FA03F3FB613B681B68FA69AB
:106610001340BB61BA69FB699A4240F068813B68EC
:106620005B68964A93425ED0944A934275D8944AE6
:10663000934258D0924A93426FD8924A934252D092
:10664000904A934269D8904A93424CD08E4A9342E2
:1066500063D88E4A934246D08C4A93425DD8122B1F
:106660002AD8122B59D801A252F823F0E766000865
:10667000C1660008D3660008156700081B6700089C
:106680001B6700081B6700081B6700081B670008E2
:106690001B6700081B6700081B6700081B670008D2
:1066A0001B6700081B6700081B6700081B670008C2
:1066B000C9660008DD660008754A934213D02CE0D5
:1066C0003B68DB683B6229E03B68DB6804333B6284
:1066D00024E03B68DB6808333B621FE03B68DB6813
:1066E0000C333B621AE03B689B68002B02D1042309
:1066F0003B6213E03B689B68012B05D108233B629A
:106700007B68FA691A6109E008233B627B68FA69D1
:106710005A6103E000233B6200E000BFBB69FF2B2E
:1067200001D87B6801E07B6804337B61BB69FF2B88
:1067300002D87B6A9B0002E07B6A083B9B003B61BE
:106740007B691A680F213B6901FA03F3DB431A40A6
:10675000396A3B6901FA03F31A437B691A603B68A3
:106760005B6803F08053002B00F0C180494B9B69AC
:10677000484A43F001039361464B9B6903F00103D0
:10678000BB60BB68444A7B6A9B08023352F82330E3
:10679000FB607B6A03F003039B000F2202FA03F302
:1067A000DB43FA681340FB607B683C4A93421FD08E
:1067B0007B683B4A934219D07B683A4A934213D094
:1067C0007B68394A93420DD07B68384A934207D0A0
:1067D0007B68374A934201D105230AE0062308E08B
:1067E000042306E0032304E0022302E0012300E087
:1067F00000237A6A02F0030292009340FA6813437E
:10680000FB6025497B6A9B080233FA6841F8232024
:106810003B685B6803F48013002B06D0254B9A6815
:106820002449BB6913438B6006E0224B9A68BB691D
:10683000DB43204913408B603B685B6803F4001323
:10684000002B06D01B4BDA681A49BB691343CB6097
:1068500006E0184BDA68BB69DB4316491340CB608E
:106860003B685B6803F40033002B25D0114B5A685A
:106870001049BB6913434B6025E000BF0000321094
:106880000000311000002210000021100000121042
:1068900000001110001002400000014000080140FB
:1068A000000C01400010014000140140001801409C
:1068B000001C014000040140154B5A68BB69DB43D2
:1068C000134913404B603B685B6803F48033002B33
:1068D00006D00F4B1A680E49BB6913430B6006E0E4
:1068E0000B4B1A68BB69DB43094913400B607B6A99
:1068F00001337B623B681A687B6A22FA03F3002B40
:106900007FF47EAE00BF00BF2C37BD4680BC704711
:106910000004014080B485B000AF78600B467B80F6
:106920007B689A687B881340002B02D00123FB739D
:1069300001E00023FB73FB7B18461437BD4680BC87
:10694000704780B483B000AF78600B467B801346FD
:106950007B707B78002B03D07A887B681A6103E018
:106960007B881A047B681A6100BF0C37BD4680BC67
:10697000704780B485B000AF78600B467B807B6841
:10698000DB68FB607A88FB6813401A04FB68D94314
:106990007B880B401A437B681A6100BF1437BD46E1
:1069A00080BC704780B584B000AF78607B68002BF6
:1069B00001D101232BE17B6893F83D30DBB2002B42
:1069C00006D17B68002283F83C207868FDF7D8FE6A
:1069D0007B68242283F83D207B681B681A687B68EB
:1069E0001B6822F001021A607B681B681A687B68CA
:1069F0001B6842F400421A607B681B681A687B6857
:106A00001B6822F400421A6001F04EFCF8607B68BB
:106A10005B68814A934207D8FB68804A934294BFDF
:106A200001230023DBB206E0FB687D4A934294BF5A
:106A300001230023DBB2002B01D00123E7E0FB6838
:106A4000784AA2FB03239B0CBB607B681B685B68D6
:106A500023F03F017B681B68BA680A435A607B6871
:106A60001B681B6A23F03F017B685B686A4A93429C
:106A700002D8BB68013309E0BB684FF4967202FB91
:106A800003F3694AA2FB03239B0901337A68126866
:106A90000B4313627B681B68DB6923F44F4222F0CF
:106AA000FF027B685B685C498B4219D8FB68591E02
:106AB0007B685B685B00B1FBF3F3591C40F6FC7329
:106AC0000B40002B0AD0FB68591E7B685B685B009B
:106AD000B1FBF3F30133C3F30B0351E004234FE0A5
:106AE0007B689B68002B11D1FB68581E7B68596836
:106AF0000B465B000B44B0FBF3F30133C3F30B0312
:106B0000002B0CBF01230023DBB212E0FB68581EF0
:106B10007B6859680B469B000B4499000B44B0FB03
:106B2000F3F30133C3F30B03002B0CBF012300234A
:106B3000DBB2002B01D0012322E07B689B68002B95
:106B40000ED1FB68581E7B6859680B465B000B44EE
:106B5000B0FBF3F30133C3F30B0343F400430FE043
:106B6000FB68581E7B6859680B469B000B449900D4
:106B70000B44B0FBF3F30133C3F30B0343F4404383
:106B8000796809681343CB617B681B681B6823F035
:106B9000C0017B68DA697B681B6A1A437B681B68E3
:106BA0000A431A607B681B689B6823F4034323F045
:106BB000FF037A6811697A68D26811437A681268AB
:106BC0000B4393607B681B68DB6823F0FF017B68E5
:106BD0005A697B689B691A437B681B680A43DA60C1
:106BE0007B681B681A687B681B6842F001021A60A8
:106BF0007B6800221A647B68202283F83D207B6832
:106C000000221A637B68002283F83E200023184686
:106C10001037BD4680BD00BFA08601007F841E00E6
:106C2000FF083D0083DE1B43D34D621080B588B062
:106C300002AFF860084611461A4603467B810B46B0
:106C40003B811346FB80FEF73BFB7861FB6893F8C2
:106C50003D30DBB2202B40F0D9807B6900931923B3
:106C600001226D49F86800F0CDFC0346002B01D0ED
:106C70000223CCE0FB6893F83C30012B01D10223C6
:106C8000C5E0FB68012283F83C20FB681B681B6899
:106C900003F00103012B07D0FB681B681A68FB682F
:106CA0001B6842F001021A60FB681B681A68FB68E7
:106CB0001B6822F400621A60FB68212283F83D20E1
:106CC000FB68402283F83E20FB6800221A64FB68C0
:106CD0003A6A5A62FB68BA8C5A85FB685B8D9AB235
:106CE000FB681A85FB684D4ADA62F8883A89798927
:106CF0007B690193BB6A00930346F86800F004FBCC
:106D00000346002B52D0012381E07A69B96AF86802
:106D100000F092FD0346002B0DD0FB681B6C042B8A
:106D200007D1FB681B681A68FB681B6842F4007295
:106D30001A6001236BE0FB685B6A1A78FB681B68CA
:106D40001A61FB685B6A5A1CFB685A62FB681B8D00
:106D5000013B9AB2FB681A85FB685B8D9BB2013BD5
:106D60009AB2FB685A85FB681B685B6903F00403F1
:106D7000042B1BD1FB681B8D002B17D0FB685B6AB3
:106D80001A78FB681B681A61FB685B6A5A1CFB680F
:106D90005A62FB681B8D013B9AB2FB681A85FB683F
:106DA0005B8D9BB2013B9AB2FB685A85FB681B8DD9
:106DB000002BAAD17A69B96AF86800F085FD03460C
:106DC000002B0DD0FB681B6C042B07D1FB681B68E4
:106DD0001A68FB681B6842F400721A60012316E00F
:106DE000FB681B681A68FB681B6842F400721A6033
:106DF000FB68202283F83D20FB68002283F83E20B8
:106E0000FB68002283F83C20002300E002231846A0
:106E10001837BD4680BD00BF020010000000FFFF14
:106E200080B58CB002AFF860084611461A4603469A
:106E30007B810B463B811346FB8000233B62FEF7C0
:106E40003FFA7862FB6893F83D30DBB2202B40F0CC
:106E500050827B6A0093192301228249F86800F06E
:106E6000D1FB0346002B01D0022343E2FB6893F8D9
:106E70003C30012B01D102233CE2FB68012283F864
:106E80003C20FB681B681B6803F00103012B07D043
:106E9000FB681B681A68FB681B6842F001021A60F5
:106EA000FB681B681A68FB681B6822F400621A60A2
:106EB000FB68222283F83D20FB68402283F83E20B5
:106EC000FB6800221A64FB683A6B5A62FB68BA8E50
:106ED0005A85FB685B8D9AB2FB681A85FB68624A2B
:106EE000DA62F8883A8979897B6A0193BB6B0093EF
:106EF0000346F86800F09EFA0346002B01D00123F8
:106F0000F8E1FB681B8D002B13D10023FB61FB68AC
:106F10001B685B69FB61FB681B689B69FB61FB6924
:106F2000FB681B681A68FB681B6842F400721A60F1
:106F3000CCE1FB681B8D012B1ED1FB681B681A6816
:106F4000FB681B6822F480621A6072B600BF0023DF
:106F5000BB61FB681B685B69BB61FB681B689B6965
:106F6000BB61BB69FB681B681A68FB681B6842F45D
:106F700000721A6062B635E0FB681B8D022B1ED1D1
:106F8000FB681B681A68FB681B6842F400621A60A1
:106F900072B600BF00237B61FB681B685B697B6185
:106FA000FB681B689B697B617B69FB681B681A68CF
:106FB000FB681B6822F480621A6062B612E0FB680C
:106FC0001B681A68FB681B6842F480621A60002321
:106FD0003B61FB681B685B693B61FB681B689B69E5
:106FE0003B613B6972E1FB681B8D032B00F21F8143
:106FF000FB681B8D012B23D17A6AB96BF86800F00E
:10700000ABFC0346002B01D0012373E1FB681B6836
:107010001A69FB685B6AD2B21A70FB685B6A5A1C19
:10702000FB685A62FB681B8D013B9AB2FB681A85AC
:10703000FB685B8D9BB2013B9AB2FB685A8545E1C8
:10704000FB681B8D022B52D17B6A0093BB6B002225
:107050000649F86800F0D6FA0346002B08D0012351
:1070600048E100BF020010000000FFFF0400010023
:1070700072B600BFFB681B681A68FB681B6842F4A5
:1070800000721A60FB681B681A69FB685B6AD2B2FF
:107090001A70FB685B6A5A1CFB685A62FB681B8D9E
:1070A000013B9AB2FB681A85FB685B8D9BB2013B82
:1070B0009AB2FB685A8562B600BFFB681B681A6902
:1070C000FB685B6AD2B21A70FB685B6A5A1CFB6889
:1070D0005A62FB681B8D013B9AB2FB681A85FB68FC
:1070E0005B8D9BB2013B9AB2FB685A85EEE07B6AEE
:1070F0000093BB6B00228149F86800F083FA0346D5
:10710000002B01D00123F5E0FB681B681A68FB68BF
:107110001B6822F480621A6072B600BFFB681B68AD
:107120001A69FB685B6AD2B21A70FB685B6A5A1C08
:10713000FB685A62FB681B8D013B9AB2FB681A859B
:10714000FB685B8D9BB2013B9AB2FB685A856C4B26
:107150001B68DB086B4AA2FB03231A0A13469B0039
:107160001344DA00D31A3B623B6A013B3B623B6A41
:10717000002B18D1FB6800221A63FB68202283F8D9
:107180003D20FB68002283F83E20FB681B6C43F027
:107190002002FB681A6462B600BFFB68002283F815
:1071A0003C200123A6E0FB681B685B6903F0040335
:1071B000042BD9D1FB681B681A68FB681B6842F472
:1071C00000721A60FB681B681A69FB685B6AD2B2BE
:1071D0001A70FB685B6A5A1CFB685A62FB681B8D5D
:1071E000013B9AB2FB681A85FB685B8D9BB2013B41
:1071F0009AB2FB685A8562B600BFFB681B681A69C1
:10720000FB685B6AD2B21A70FB685B6A5A1CFB6847
:107210005A62FB681B8D013B9AB2FB681A85FB68BA
:107220005B8D9BB2013B9AB2FB685A854EE07A6A4D
:10723000B96BF86800F090FB0346002B01D00123E6
:1072400058E0FB681B681A69FB685B6AD2B21A7067
:10725000FB685B6A5A1CFB685A62FB681B8D013B2A
:107260009AB2FB681A85FB685B8D9BB2013B9AB2B0
:10727000FB685A85FB681B685B6903F00403042BF9
:1072800024D1FB681B8D032B07D1FB681B681A6890
:10729000FB681B6822F480621A60FB681B681A692D
:1072A000FB685B6AD2B21A70FB685B6A5A1CFB68A7
:1072B0005A62FB681B8D013B9AB2FB681A85FB681A
:1072C0005B8D9BB2013B9AB2FB685A85FB681B8DB4
:1072D000002B7FF488AEFB68202283F83D20FB68FA
:1072E000002283F83E20FB68002283F83C20002324
:1072F00000E0022318462837BD4680BD0400010087
:107300000800002089B5F81480B588B002AFF86095
:10731000084611461A4603467B810B463B811346BD
:10732000FB80FB681B681A68FB681B6842F480726C
:107330001A607B6A00933B6A00224FF00111F868E3
:1073400000F060F90346002B0DD0FB681B681B683A
:1073500003F48073B3F5807F03D1FB684FF40072B0
:107360001A6403235FE07B89DBB21A46FB681B6863
:1073700002F0FE021A617B6A3A6A2D49F86800F051
:10738000BBF90346002B01D001234CE000237B61B5
:10739000FB681B685B697B61FB681B689B697B61A1
:1073A0007B697A6A396AF86800F046FA0346002B6E
:1073B0000DD0FB681B6C042B07D1FB681B681A6897
:1073C000FB681B6842F400721A6001232BE0FB8803
:1073D000012B05D13B89DAB2FB681B681A6121E0F9
:1073E0003B891B0A9BB2DAB2FB681B681A617A6A96
:1073F000396AF86800F020FA0346002B0DD0FB68CC
:107400001B6C042B07D1FB681B681A68FB681B68A0
:1074100042F400721A60012305E03B89DAB2FB688E
:107420001B681A61002318461837BD4680BD00BF8F
:107430000200010080B588B002AFF860084611462E
:107440001A4603467B810B463B811346FB80FB6853
:107450001B681A68FB681B6842F480621A60FB684C
:107460001B681A68FB681B6842F480721A607B6AAA
:1074700000933B6A00224FF00111F86800F0C2F857
:107480000346002B0DD0FB681B681B6803F4807358
:10749000B3F5807F03D1FB684FF400721A640323B5
:1074A000AAE07B89DBB21A46FB681B6802F0FE0289
:1074B0001A617B6A3A6A5249F86800F01DF903467E
:1074C000002B01D0012397E000237B61FB681B6840
:1074D0005B697B61FB681B689B697B617B697A6A7E
:1074E000396AF86800F0A8F90346002B0DD0FB6854
:1074F0001B6C042B07D1FB681B681A68FB681B68B0
:1075000042F400721A60012376E0FB88012B05D15A
:107510003B89DAB2FB681B681A6121E03B891B0AD0
:107520009BB2DAB2FB681B681A617A6A396AF8683A
:1075300000F082F90346002B0DD0FB681B6C042B76
:1075400007D1FB681B681A68FB681B6842F400726D
:107550001A60012350E03B89DAB2FB681B681A61AC
:107560007A6A396AF86800F067F90346002B0DD093
:10757000FB681B6C042B07D1FB681B681A68FB684F
:107580001B6842F400721A60012335E0FB681B6837
:107590001A68FB681B6842F480721A607B6A009369
:1075A0003B6A00224FF00111F86800F02BF8034607
:1075B000002B0DD0FB681B681B6803F48073B3F5C8
:1075C000807F03D1FB684FF400721A64032313E039
:1075D0007B89DBB243F00103DAB2FB681B681A61F6
:1075E0007B6A3A6A0649F86800F086F80346002B81
:1075F00001D0012300E0002318461837BD4680BDA6
:107600000200010080B584B000AFF860B9603B6053
:107610001346FB7148E03B68B3F1FF3F44D0FDF7F0
:107620004FFE0246BB69D31A3A689A4202D33B68BE
:10763000002B39D1BB681B0CDBB2012B0DD1FB68D1
:107640001B685B69DA43BB6813409BB2002B0CBF1D
:1076500001230023DBB21A460CE0FB681B689B6920
:10766000DA43BB6813409BB2002B0CBF01230023FD
:10767000DBB21A46FB799A4216D1FB6800221A63E4
:10768000FB68202283F83D20FB68002283F83E201F
:10769000FB681B6C43F02002FB681A64FB68002245
:1076A00083F83C20012323E0BB681B0CDBB2012BD9
:1076B0000DD1FB681B685B69DA43BB6813409BB262
:1076C000002B0CBF01230023DBB21A460CE0FB6841
:1076D0001B689B69DA43BB6813409BB2002B0CBF4D
:1076E00001230023DBB21A46FB799A4293D0002390
:1076F00018461037BD4680BD80B584B000AFF86035
:10770000B9607A603B6071E0FB681B685B6903F4F9
:107710008063B3F5806F23D1FB681B681A68FB6830
:107720001B6842F400721A60FB681B686FF4806289
:107730005A61FB6800221A63FB68202283F83D200F
:10774000FB68002283F83E20FB681B6C43F00402B8
:10775000FB681A64FB68002283F83C20012367E081
:107760007B68B3F1FF3F41D0FDF7AAFD02463B68BD
:10777000D31A7A689A4202D37B68002B36D1BB6851
:107780001B0CDBB2012B0CD1FB681B685B69DA4375
:10779000BB6813409BB2002B14BF01230023DBB254
:1077A0000BE0FB681B689B69DA43BB6813409BB224
:1077B000002B14BF01230023DBB2002B16D0FB6883
:1077C00000221A63FB68202283F83D20FB68002218
:1077D00083F83E20FB681B6C43F02002FB681A64B0
:1077E000FB68002283F83C20012321E0BB681B0CCE
:1077F000DBB2012B0CD1FB681B685B69DA43BB6809
:1078000013409BB2002B14BF01230023DBB20BE01B
:10781000FB681B689B69DA43BB6813409BB2002B73
:1078200014BF01230023DBB2002B7FF46DAF0023D4
:1078300018461037BD4680BD80B584B000AFF860F3
:10784000B9607A6034E0F86800F0E3F80346002B92
:1078500001D0012334E0BB68B3F1FF3F28D0FDF72E
:107860002FFD02467B68D31ABA689A4202D3BB68DE
:10787000002B1DD1FB681B685B6903F08003802B24
:1078800016D0FB6800221A63FB68202283F83D2093
:10789000FB68002283F83E20FB681B6C43F020024B
:1078A000FB681A64FB68002283F83C20012307E090
:1078B000FB681B685B6903F08003802BC3D1002346
:1078C00018461037BD4680BD80B584B000AFF86063
:1078D000B9607A6034E0F86800F09BF80346002B4A
:1078E00001D0012334E0BB68B3F1FF3F28D0FDF79E
:1078F000E7FC02467B68D31ABA689A4202D3BB6897
:10790000002B1DD1FB681B685B6903F00403042B8B
:1079100016D0FB6800221A63FB68202283F83D2002
:10792000FB68002283F83E20FB681B6C43F02002BA
:10793000FB681A64FB68002283F83C20012307E0FF
:10794000FB681B685B6903F00403042BC3D10023AD
:1079500018461037BD4680BD80B584B000AFF860D2
:10796000B9607A6049E0FB681B685B6903F010034B
:10797000102B19D1FB681B686FF010025A61FB686D
:1079800000221A63FB68202283F83D20FB68002256
:1079900083F83E20FB681A6CFB681A64FB680022BF
:1079A00083F83C20012330E0FDF78AFC02467B6827
:1079B000D31ABA689A4202D3BB68002B1DD1FB6868
:1079C0001B685B6903F04003402B16D0FB68002264
:1079D0001A63FB68202283F83D20FB68002283F8AD
:1079E0003E20FB681B6C43F02002FB681A64FB68B6
:1079F000002283F83C20012307E0FB681B685B69D9
:107A000003F04003402BAED1002318461037BD468B
:107A100080BD80B483B000AF78607B681B685B6911
:107A200003F48063B3F5806F1BD17B681B686FF430
:107A300080625A617B6800221A637B68202283F887
:107A40003D207B68002283F83E207B681B6C43F05E
:107A500004027B681A647B68002283F83C200123BF
:107A600000E0002318460C37BD4680BC704780B547
:107A700084B000AF78607B68002B01D1012336E031
:107A80007B681B684CF6CC421A607B681B6845F229
:107A900055521A607B681B687A6852685A607B6826
:107AA0001B687A6892689A60FDF70AFCF86011E03A
:107AB000FDF706FC0246FB68D31A41F23C329342C2
:107AC00008D97B681B68DB6803F00303002B01D037
:107AD00003230CE07B681B68DB6803F00303002BC7
:107AE000E6D17B681B684AF6AA221A600023184672
:107AF0001037BD4680BD80B483B000AF78607B682E
:107B00001B684AF6AA221A60002318460C37BD46A5
:107B100080BC704780B586B000AF78607B68002B72
:107B200001D1012372E27B681B6803F00103002B83
:107B300000F08780924B5B6803F00C03042B0CD0A1
:107B40008F4B5B6803F00C03082B12D18C4B5B68E6
:107B500003F48033B3F5803F0BD1894B1B6803F4EA
:107B60000033002B6CD07B685B68002B68D101234D
:107B70004CE27B685B68B3F5803F06D1804B1B68A5
:107B80007F4A43F4803313602EE07B685B68002BF0
:107B90000CD17B4B1B687A4A23F480331360784BFB
:107BA0001B68774A23F4802313601DE07B685B68C1
:107BB000B3F5A02F0CD1724B1B68714A43F480239C
:107BC00013606F4B1B686E4A43F4803313600BE005
:107BD0006B4B1B686A4A23F480331360684B1B6845
:107BE000674A23F4802313607B685B68002B13D003
:107BF000FDF766FB386108E0FDF762FB02463B6972
:107C0000D31A642B01D9032300E25D4B1B6803F4F4
:107C10000033002BF0D014E0FDF752FB386108E090
:107C2000FDF74EFB02463B69D31A642B01D90323AF
:107C3000ECE1534B1B6803F40033002BF0D100E060
:107C400000BF7B681B6803F00203002B63D04C4B22
:107C50005B6803F00C03002B0BD0494B5B6803F00F
:107C60000C03082B1CD1464B5B6803F48033002BBC
:107C700016D1434B1B6803F00203002B05D07B6831
:107C80001B69012B01D00123C0E13D4B1B6823F090
:107C9000F8027B685B69DB00394913430B603AE00B
:107CA0007B681B69002B20D0364B01221A60FDF740
:107CB00007FB386108E0FDF703FB02463B69D31A76
:107CC000022B01D90323A1E12D4B1B6803F0020312
:107CD000002BF0D02A4B1B6823F0F8027B685B690D
:107CE000DB00274913430B6015E0264B00221A6086
:107CF000FDF7E6FA386108E0FDF7E2FA02463B6973
:107D0000D31A022B01D9032380E11D4B1B6803F01A
:107D10000203002BF0D17B681B6803F00803002BE3
:107D20003AD07B689B69002B19D0174B01221A604F
:107D3000FDF7C6FA386108E0FDF7C2FA02463B6972
:107D4000D31A022B01D9032360E10D4B5B6A03F0C8
:107D50000203002BF0D0012000F0CEFA1CE00A4B09
:107D600000221A60FDF7ACFA38610FE0FDF7A8FABF
:107D700002463B69D31A022B08D9032346E100BF10
:107D8000001002400000424280044242924B5B6A73
:107D900003F00203002BE9D17B681B6803F00403A6
:107DA000002B00F0A6800023FB758B4BDB6903F0F2
:107DB0008053002B0DD1884BDB69874A43F08053F9
:107DC000D361854BDB6903F08053BB60BB68012343
:107DD000FB75824B1B6803F48073002B18D17F4B1B
:107DE0001B687E4A43F480731360FDF769FA3861BB
:107DF00008E0FDF765FA02463B69D31A642B01D906
:107E0000032303E1754B1B6803F48073002BF0D050
:107E10007B68DB68012B06D16F4B1B6A6E4A43F00F
:107E2000010313622DE07B68DB68002B0CD16A4BE9
:107E30001B6A694A23F001031362674B1B6A664A97
:107E400023F0040313621CE07B68DB68052B0CD174
:107E5000614B1B6A604A43F0040313625E4B1B6A6A
:107E60005D4A43F0010313620BE05B4B1B6A5A4A05
:107E700023F001031362584B1B6A574A23F0040393
:107E800013627B68DB68002B15D0FDF719FA3861A7
:107E90000AE0FDF715FA02463B69D31A41F288322F
:107EA000934201D90323B1E04B4B1B6A03F0020359
:107EB000002BEED014E0FDF703FA38610AE0FDF77D
:107EC000FFF902463B69D31A41F28832934201D945
:107ED00003239BE0404B1B6A03F00203002BEED10F
:107EE000FB7D012B05D13C4BDB693B4A23F08053E2
:107EF000D3617B68DB69002B00F08780364B5B68C1
:107F000003F00C03082B61D07B68DB69022B46D1A0
:107F1000334B00221A60FDF7D3F9386108E0FDF712
:107F2000CFF902463B69D31A022B01D903236DE036
:107F3000294B1B6803F00073002BF0D17B681B6A90
:107F4000B3F5803F08D1244B5B6823F400327B6893
:107F50009B68214913434B601F4B5B6823F47412E9
:107F60007B68196A7B685B6A0B431B4913434B6050
:107F70001B4B01221A60FDF7A3F9386108E0FDF7F9
:107F80009FF902463B69D31A022B01D903233DE036
:107F9000114B1B6803F00073002BF0D035E0104B41
:107FA00000221A60FDF78CF9386108E0FDF788F9C6
:107FB00002463B69D31A022B01D9032326E0064B64
:107FC0001B6803F00073002BF0D11EE07B68DB69B7
:107FD000012B07D1012319E000100240007000407E
:107FE000600042420B4B5B68FB60FB6803F480322D
:107FF0007B681B6A9A4206D1FB6803F470127B68A7
:108000005B6A9A4201D0012300E00023184618372A
:10801000BD4680BD0010024080B584B000AF7860DE
:1080200039607B68002B01D10123D0E06A4B1B68CB
:1080300003F007033A689A4210D9674B1B6823F094
:10804000070265493B6813430B60634B1B6803F0F1
:1080500007033A689A4201D00123B8E07B681B68A5
:1080600003F00203002B20D07B681B6803F004039D
:10807000002B05D0594B5B68584A43F4E0635360CA
:108080007B681B6803F00803002B05D0534B5B682B
:10809000524A43F460535360504B5B6823F0F00244
:1080A0007B689B684D4913434B607B681B6803F0FA
:1080B0000103002B40D07B685B68012B07D1474B45
:1080C0001B6803F40033002B15D101237FE07B688C
:1080D0005B68022B07D1414B1B6803F00073002B38
:1080E00009D1012373E03D4B1B6803F00203002B11
:1080F00001D101236BE0394B5B6823F003027B68FD
:108100005B68364913434B60FDF7DAF8F8600AE024
:10811000FDF7D6F80246FB68D31A41F28832934243
:1081200001D9032353E02D4B5B6803F00C027B68FD
:108130005B689B009A42EBD1274B1B6803F0070357
:108140003A689A4210D2244B1B6823F00702224956
:108150003B6813430B60204B1B6803F007033A682E
:108160009A4201D0012332E07B681B6803F00403CC
:10817000002B08D0194B5B6823F4E0627B68DB6856
:10818000164913434B607B681B6803F00803002B00
:1081900009D0124B5B6823F460527B681B69DB00DB
:1081A0000E4913434B6000F021F802460B4B5B680D
:1081B0001B0903F00F030A49CB5C22FA03F3094AB7
:1081C0001360094B1B681846FDF738F80023184662
:1081D0001037BD4680BD00BF0020024000100240A5
:1081E0003CB20008080000200C00002080B487B0DA
:1081F00000AF0023FB600023BB6000237B610023F2
:108200007B6000233B611E4B5B68FB60FB6803F0F7
:108210000C03042B02D0082B03D027E0194B3B6141
:1082200027E0FB689B0C03F00F03174AD35C7B60CD
:10823000FB6803F48033002B10D0114B5B685B0CA0
:1082400003F00103114AD35CBB607B680D4A03FB5A
:1082500002F2BB68B2FBF3F37B6104E07B680C4A7B
:1082600002FB03F37B617B693B6102E0054B3B61F1
:1082700000BF3B6918461C37BD4680BC704700BF35
:108280000010024000127A0054B2000864B20008E4
:1082900000093D0080B400AF024B1B681846BD4684
:1082A00080BC70470800002080B500AFFFF7F2FFE8
:1082B0000246054B5B681B0A03F007030349CB5CCE
:1082C00022FA03F3184680BD001002404CB20008A9
:1082D00080B500AFFFF7DEFF0246054B5B68DB0AA7
:1082E00003F007030349CB5C22FA03F3184680BD71
:1082F000001002404CB2000880B485B000AF786036
:108300000A4B1B680A4AA2FB03235B0A7A6802FB3A
:1083100003F3FB6000BFFB685A1EFA60002BF9D123
:1083200000BF00BF1437BD4680BC70470800002066
:10833000D34D621080B586B000AF786000233B61FA
:108340000023FB607B681B6803F00103002B7DD0DA
:108350000023FB754F4BDB6903F08053002B0DD1DD
:108360004C4BDB694B4A43F08053D361494BDB698B
:1083700003F08053BB60BB680123FB75464B1B6851
:1083800003F48073002B18D1434B1B68424A43F41B
:1083900080731360FCF794FF386108E0FCF790FFEE
:1083A00002463B69D31A642B01D903236DE03A4B93
:1083B0001B6803F48073002BF0D0364B1B6A03F468
:1083C0004073FB60FB68002B2ED07B685B6803F476
:1083D0004073FA689A4227D02E4B1B6A23F44073ED
:1083E000FB602E4B01221A602C4B00221A60294A96
:1083F000FB681362FB6803F00103002B14D0FCF749
:108400005FFF38610AE0FCF75BFF02463B69D31A65
:1084100041F28832934201D9032336E01D4B1B6A97
:1084200003F00203002BEED01A4B1B6A23F44072B8
:108430007B685B68174913430B62FB7D012B05D1F9
:10844000144BDB69134A23F08053D3617B681B68AC
:1084500003F00203002B08D00E4B5B6823F440426C
:108460007B689B680B4913434B607B681B6803F078
:108470001003002B08D0074B5B6823F480027B6855
:108480005B69044913434B60002318461837BD4607
:1084900080BD00BF00100240007000404004424216
:1084A00080B582B000AF78607B68002B01D10123DA
:1084B00041E07B6893F83D30DBB2002B06D17B684E
:1084C000002283F83C207868FCF7C6F97B6802221A
:1084D00083F83D207B681A687B6804331946104690
:1084E00000F098FA7B68012283F846207B6801221D
:1084F00083F83E207B68012283F83F207B680122BD
:1085000083F840207B68012283F841207B680122A8
:1085100083F842207B68012283F843207B68012294
:1085200083F844207B68012283F845207B68012280
:1085300083F83D20002318460837BD4680BD000063
:1085400080B485B000AF78607B6893F83D30DBB2D3
:10855000012B01D0012344E07B68022283F83D20F7
:108560007B681B68DA687B681B6842F00102DA608E
:108570007B681B681D4A934218D07B681B681C4AA5
:10858000934213D07B681B68B3F1804F0ED07B6899
:108590001B68184A934209D07B681B68164A9342AD
:1085A00004D07B681B68154A934211D17B681B6815
:1085B0009B6803F00703FB60FB68062B10D07B6809
:1085C0001B681A687B681B6842F001021A6007E0AA
:1085D0007B681B681A687B681B6842F001021A609E
:1085E000002318461437BD4680BC7047002C01405C
:1085F000003401400004004000080040000C00402E
:1086000080B483B000AF78607B681B68DA687B68F1
:108610001B6822F00102DA607B681B681A6A41F26B
:1086200011131340002B0FD17B681B681A6A40F2AC
:1086300044431340002B07D17B681B681A687B6892
:108640001B6822F001021A607B68012283F83D203A
:10865000002318460C37BD4680BC704780B584B0F7
:1086600000AF78607B681B68DB68FB607B681B6819
:108670001B69BB60BB6803F00203002B20D0FB68C2
:1086800003F00203002B1BD07B681B686FF0020213
:108690001A617B6801221A777B681B689B6903F06B
:1086A0000303002B03D0786800F098F905E07868A0
:1086B00000F08BF9786800F09AF97B6800221A774D
:1086C000BB6803F00403002B20D0FB6803F0040315
:1086D000002B1BD07B681B686FF004021A617B685B
:1086E00002221A777B681B689B6903F44073002B96
:1086F00003D0786800F072F905E0786800F065F959
:10870000786800F074F97B6800221A77BB6803F080
:108710000803002B20D0FB6803F00803002B1BD0BC
:108720007B681B686FF008021A617B6804221A7765
:108730007B681B68DB6903F00303002B03D07868B8
:1087400000F04CF905E0786800F03FF9786800F037
:108750004EF97B6800221A77BB6803F01003002BE8
:1087600020D0FB6803F01003002B1BD07B681B6834
:108770006FF010021A617B6808221A777B681B6809
:10878000DB6903F44073002B03D0786800F026F90E
:1087900005E0786800F019F9786800F028F97B683E
:1087A00000221A77BB6803F00103002B0CD0FB6892
:1087B00003F00103002B07D07B681B686FF00102F8
:1087C0001A617868F8F7FAFCBB6803F08003002BA5
:1087D0000CD0FB6803F08003002B07D07B681B687C
:1087E0006FF080021A61786800F0A5FABB6803F0A8
:1087F0004003002B0CD0FB6803F04003002B07D094
:108800007B681B686FF040021A61786800F0F8F826
:10881000BB6803F02003002B0CD0FB6803F020039F
:10882000002B07D07B681B686FF020021A61786804
:1088300000F078FA00BF1037BD4680BD80B584B027
:1088400000AF786039600023FB737B6893F83C309D
:10885000012B01D10223B4E07B68012283F83C2084
:108860007B68022283F83D207B681B689B68BB60A5
:10887000BB6823F07703BB60BB6823F47F43BB6016
:108880007B681B68BA689A603B681B68B3F5005F39
:108890003ED0B3F5005F00F28780B3F5805F00F053
:1088A0008680B3F5805F7FD8702B1AD0702B7BD871
:1088B000602B50D0602B77D8502B3CD0502B73D8E6
:1088C000402B58D0402B6FD8302B64D0302B6BD836
:1088D000202B60D0202B67D8002B5CD0102B5AD0D7
:1088E00062E07B6818683B6899683B685A683B6837
:1088F000DB6800F08CF97B681B689B68BB60BB6819
:1089000043F07703BB607B681B68BA689A604FE0EE
:108910007B6818683B6899683B685A683B68DB6805
:1089200000F075F97B681B689A687B681B6842F4E5
:1089300080429A603CE07B6818683B6859683B68F5
:10894000DB681A4600F0ECF87B681B68502118467B
:1089500000F043F92CE07B6818683B6859683B6875
:10896000DB681A4600F00AF97B681B68602118462C
:1089700000F033F91CE07B6818683B6859683B6875
:10898000DB681A4600F0CCF87B681B68402118466B
:1089900000F023F90CE07B681A683B681B681946F5
:1089A000104600F01AF903E00123FB7300E000BF5A
:1089B0007B68012283F83D207B68002283F83C20FD
:1089C000FB7B18461037BD4680BD80B483B000AF36
:1089D000786000BF0C37BD4680BC704780B483B060
:1089E00000AF786000BF0C37BD4680BC704780B4D4
:1089F00083B000AF786000BF0C37BD4680BC7047C5
:108A000080B483B000AF786000BF0C37BD4680BC37
:108A10007047000080B485B000AF786039607B6833
:108A20001B68FB607B68394A934213D07B68384AE5
:108A300093420FD07B68B3F1804F0BD07B68354AEF
:108A4000934207D07B68344A934203D07B68334A11
:108A5000934208D1FB6823F07003FB603B685B68BE
:108A6000FA681343FB607B68284A934213D07B6803
:108A7000274A93420FD07B68B3F1804F0BD07B68BD
:108A8000244A934207D07B68234A934203D07B68F1
:108A9000224A934208D1FB6823F44073FB603B6891
:108AA000DB68FA681343FB60FB6823F080023B68D5
:108AB0005B691343FB607B68FA681A603B689A68DD
:108AC0007B68DA623B681A687B689A627B680F4A47
:108AD000934203D07B680E4A934203D13B681A69E4
:108AE0007B681A637B6801225A617B681B6903F00B
:108AF0000103002B05D07B681B6923F001027B6812
:108B00001A6100BF1437BD4680BC7047002C01407D
:108B1000003401400004004000080040000C004008
:108B200080B487B000AFF860B9607A60FB681B6AF8
:108B30007B61FB681B6A23F00102FB681A62FB6819
:108B40009B693B613B6923F0F0033B617B681B0140
:108B50003A6913433B617B6923F00A037B617A69BD
:108B6000BB6813437B61FB683A699A61FB687A6969
:108B70001A6200BF1C37BD4680BC704780B487B006
:108B800000AFF860B9607A60FB681B6A7B61FB68C4
:108B90001B6A23F01002FB681A62FB689B693B6149
:108BA0003B6923F470433B617B681B033A691343C1
:108BB0003B617B6923F0A0037B61BB681B017A6981
:108BC00013437B61FB683A699A61FB687A691A62B0
:108BD00000BF1C37BD4680BC704780B485B000AF75
:108BE000786039607B689B68FB60FB6823F07003EA
:108BF000FB603A68FB68134343F00703FB607B6844
:108C0000FA689A6000BF1437BD4680BC704780B4D4
:108C100087B000AFF860B9607A603B60FB689B6822
:108C20007B617B6923F47F437B613B681A027B682D
:108C30001A43BB6813437A6913437B61FB687A6903
:108C40009A6000BF1C37BD4680BC704780B485B0B9
:108C500000AF786039607B6893F83C30012B01D11C
:108C6000022350E07B68012283F83C207B680222CB
:108C700083F83D207B681B685B68FB607B681B6832
:108C80009B68BB60FB6823F07003FB603B681B685C
:108C9000FA681343FB607B681B68FA685A607B685C
:108CA0001B681B4A934218D07B681B68194A934281
:108CB00013D07B681B68B3F1804F0ED07B681B68B4
:108CC000154A934209D07B681B68144A934204D02A
:108CD0007B681B68124A93420CD1BB6823F0800367
:108CE000BB603B685B68BA681343BB607B681B680A
:108CF000BA689A607B68012283F83D207B68002275
:108D000083F83C20002318461437BD4680BC7047CA
:108D1000002C0140003401400004004000080040E5
:108D2000000C004080B483B000AF786000BF0C3707
:108D3000BD4680BC704780B483B000AF786000BF90
:108D40000C37BD4680BC704780B582B000AF7860FC
:108D50007B68002B01D1012342E07B6893F841300E
:108D6000DBB2002B06D17B68002283F840207868B4
:108D7000FBF7CEFD7B68242283F841207B681B68CB
:108D8000DA687B681B6822F40052DA60786800F0C9
:108D9000AFFD7B681B681A697B681B6822F49042F0
:108DA0001A617B681B685A697B681B6822F02A027B
:108DB0005A617B681B68DA687B681B6842F4005262
:108DC000DA607B6800225A647B68202283F84120A5
:108DD0007B68202283F842207B6800225A630023AC
:108DE00018460837BD4680BD80B58AB002AFF8602E
:108DF000B9603B601346FB8000237B61FB6893F8FE
:108E00004130DBB2202B75D1BB68002B02D0FB8830
:108E1000002B01D101236EE0FB6800225A64FB683D
:108E2000212283F84120FCF74BFA7861FB68FA882D
:108E30009A84FB68FA88DA84FB689B68B3F5805FE4
:108E400008D1FB681B69002B04D10023FB61BB68C0
:108E5000BB6103E0BB68FB610023BB612EE03B68A4
:108E600000937B6900228021F86800F013FB034621
:108E7000002B05D0FB68202283F8412003233AE031
:108E8000FB69002B0BD1BB691B881A46FB681B686A
:108E9000C2F308025A60BB690233BB6107E0FB6999
:108EA0001A78FB681B685A60FB690133FB61FB6839
:108EB000DB8C9BB2013B9AB2FB68DA84FB68DB8CEB
:108EC0009BB2002BCBD13B6800937B6900224021F1
:108ED000F86800F0DFFA0346002B05D0FB6820227B
:108EE00083F84120032306E0FB68202283F8412019
:108EF000002300E0022318462037BD4680BD80B520
:108F000084B000AFF860B9601346FB80FB6893F84B
:108F10004230DBB2202B12D1BB68002B02D0FB8881
:108F2000002B01D101230BE0FB6800221A63FB88B0
:108F30001A46B968F86800F006FB034600E0022311
:108F400018461037BD4680BD80B5BAB000AF786016
:108F50007B681B681B68C7F8E4307B681B68DB68AC
:108F6000C7F8E0307B681B685B69C7F8DC3000231A
:108F7000C7F8D8300023C7F8D430D7F8E43003F06E
:108F80000F03C7F8D830D7F8D830002B0FD1D7F857
:108F9000E43003F02003002B09D0D7F8E03003F0D1
:108FA0002003002B03D0786800F0E3FB5BE2D7F8E6
:108FB000D830002B00F0DE80D7F8DC3003F001035E
:108FC000002B06D1D7F8E03003F49073002B00F0AB
:108FD000D180D7F8E43003F00103002B0BD0D7F891
:108FE000E03003F48073002B05D07B685B6C43F0AA
:108FF00001027B685A64D7F8E43003F00403002BC5
:109000000BD0D7F8DC3003F00103002B05D07B68D0
:109010005B6C43F002027B685A64D7F8E43003F0DB
:109020000203002B0BD0D7F8DC3003F00103002B38
:1090300005D07B685B6C43F004027B685A64D7F808
:10904000E43003F00803002B11D0D7F8E03003F030
:109050002003002B05D1D7F8DC3003F00103002BEF
:1090600005D07B685B6C43F008027B685A647B68C0
:109070005B6C002B00F0F281D7F8E43003F02003A2
:10908000002B08D0D7F8E03003F02003002B02D0EB
:10909000786800F06EFB7B681B685B6903F0400337
:1090A000002B14BF01230023DBB2C7F8D4307B6848
:1090B0005B6C03F00803002B03D1D7F8D430002BEE
:1090C0004FD0786800F078FA7B681B685B6903F022
:1090D0004003002B41D07B681B681433C7F89C30D9
:1090E000D7F89C3053E8003FC7F89830D7F898304D
:1090F00023F04003C7F8D0307B681B681433D7F8DF
:10910000D020C7F8A820C7F8A430D7F8A410D7F803
:10911000A82041E80023C7F8A030D7F8A030002BE2
:10912000D9D17B68DB6B002B13D07B68DB6B7E4A6D
:109130005A637B68DB6B1846FCF7E6FE0346002BA0
:1091400016D07B68DB6B5B6B7A68D26B10469847F6
:109150000EE07868F8F7C2FA0AE07868F8F7BEFA25
:1091600006E07868F8F7BAFA7B6800225A6475E17D
:1091700000BF73E17B681B6B012B40F04F81D7F878
:10918000E43003F01003002B00F04881D7F8E03002
:1091900003F01003002B00F041810023BB607B68CB
:1091A0001B681B68BB607B681B685B68BB60BB6837
:1091B0007B681B685B6903F04003002B00F0B680FE
:1091C0007B68DB6B1B685B68A7F8BE30B7F8BE3006
:1091D000002B00F045817B689B8DB7F8BE209A423A
:1091E00080F03E817B68B7F8BE20DA857B68DB6B58
:1091F0009B69202B00F088807B681B680C33C7F8C4
:109200008830D7F8883053E8003FC7F88430D7F863
:10921000843023F48073C7F8B8307B681B680C3344
:10922000D7F8B820C7F89420C7F89030D7F8901036
:10923000D7F8942041E80023C7F88C30D7F88C3059
:10924000002BD9D17B681B6814337B677B6F53E895
:10925000003F3B673B6F23F00103C7F8B4307B68E6
:109260001B681433D7F8B420C7F88020FB67F96F68
:10927000D7F8802041E80023BB67BB6F002BE1D10A
:109280007B681B6814333B663B6E53E8003FFB650D
:10929000FB6D23F04003C7F8B0307B681B681433C4
:1092A000D7F8B020FA66BB66B96EFA6E41E80023C3
:1092B0007B667B6E002BE3D17B68202283F8422003
:1092C0007B6800221A637B681B680C33FB64FB6CB1
:1092D00053E8003FBB64BB6C23F01003C7F8AC300D
:1092E0007B681B680C33D7F8AC20BA657B65796D59
:1092F000BA6D41E800233B653B6D002BE3D17B68F1
:10930000DB6B1846FCF7C4FD7B6802225A637B685E
:109310009A8D7B68DB8D9BB2D31A9BB21946786815
:1093200000F0ADF89CE000BF7D9600087B689A8D48
:109330007B68DB8D9BB2D31AA7F8CE307B68DB8DC0
:109340009BB2002B00F08E80B7F8CE30002B00F0DF
:1093500089807B681B680C33BB63BB6B53E8003FA1
:109360007B637B6B23F49073C7F8C8307B681B6802
:109370000C33D7F8C8207A643B64396C7A6C41E8C6
:109380000023FB63FB6B002BE3D17B681B6814336A
:109390007B627B6A53E8003F3B623B6A23F0010338
:1093A000C7F8C4307B681B681433D7F8C4203A630D
:1093B000FB62F96A3A6B41E80023BB62BB6A002B8F
:1093C000E3D17B68202283F842207B6800221A6365
:1093D0007B681B680C333B613B6953E8003FFB60D3
:1093E000FB6823F01003C7F8C0307B681B680C33A0
:1093F000D7F8C020FA61BB61B969FA6941E8002376
:109400007B617B69002BE3D17B6802225A63B7F84A
:10941000CE301946786800F032F823E0D7F8E4300F
:1094200003F08003002B09D0D7F8E03003F080036D
:10943000002B03D0786800F035F914E0D7F8E43059
:1094400003F04003002B0ED0D7F8E03003F04003C8
:10945000002B08D0786800F074F904E000BF02E047
:1094600000BF00E000BFE837BD4680BD80B483B0D8
:1094700000AF786000BF0C37BD4680BC704780B439
:1094800083B000AF78600B467B8000BF0C37BD46D1
:1094900080BC704780B586B000AFF860B9603B60B3
:1094A0001346FB713BE03B6AB3F1FF3F37D0FBF75C
:1094B00007FF02463B68D31A3A6A9A4202D33B6AD4
:1094C000002B01D103233AE0FB681B68DB6803F043
:1094D0000403002B23D0BB68802B20D0BB68402B1B
:1094E0001DD0FB681B681B6803F00803082B16D10E
:1094F00000237B61FB681B681B687B61FB681B6842
:109500005B687B617B69F86800F056F8FB680822AD
:109510005A64FB68002283F8402001230FE0FB68B7
:109520001B681A68BB681340BA689A420CBF0123D3
:109530000023DBB21A46FB799A42B4D000231846C6
:109540001837BD4680BD80B485B000AFF860B96003
:109550001346FB80FB68BA689A62FB68FA889A85B2
:10956000FB68FA88DA85FB6800225A64FB682222CD
:1095700083F84220FB681B69002B07D0FB681B683F
:10958000DA68FB681B6842F48072DA60FB681B686B
:109590005A69FB681B6842F001025A61FB681B684C
:1095A000DA68FB681B6842F02002DA600023184684
:1095B0001437BD4680BC704780B495B000AF78606A
:1095C0007B681B680C337B637B6B53E8003F3B631A
:1095D0003B6B23F49073FB647B681B680C33FA6C61
:1095E0003A64FB63F96B3A6C41E80023BB63BB6BE5
:1095F000002BE5D17B681B6814333B623B6A53E860
:10960000003FFB61FB6923F00103BB647B681B68BF
:109610001433BA6CFA62BB62B96AFA6A41E8002391
:109620007B627B6A002BE5D17B681B6B012B19D118
:109630007B681B680C33FB60FB6853E8003FBB6032
:10964000BB6823F010037B647B681B680C337A6C67
:10965000BA617B617969BA6941E800233B613B6982
:10966000002BE5D17B68202283F842207B68002212
:109670001A6300BF5437BD4680BC704780B584B0C4
:1096800000AF78607B685B6AFB60FB680022DA856C
:10969000FB680022DA84F868F8F720F800BF10377A
:1096A000BD4680BD80B485B000AF78607B6893F81C
:1096B0004130DBB2212B3ED17B689B68B3F5805FE4
:1096C00014D17B681B69002B10D17B681B6AFB607F
:1096D000FB681B881A467B681B68C2F308025A6045
:1096E0007B681B6A9A1C7B681A6208E07B681B6AAD
:1096F000591C7A6811621A787B681B685A607B680B
:10970000DB8C9BB2013B9BB27A681946D184002B5B
:109710000FD17B681B68DA687B681B6822F08002C7
:10972000DA607B681B68DA687B681B6842F040027D
:10973000DA60002300E0022318461437BD4680BCDF
:10974000704780B582B000AF78607B681B68DA68CC
:109750007B681B6822F04002DA607B68202283F875
:1097600041207868FFF782FE002318460837BD467F
:1097700080BD80B58CB000AF78607B6893F84230D4
:10978000DBB2222B40F0AE807B689B68B3F5805F34
:1097900017D17B681B69002B13D10023FB627B6808
:1097A0009B6ABB627B681B685B689BB2C3F3080360
:1097B0009AB2BB6A1A807B689B6A9A1C7B689A6221
:1097C00026E07B689B6AFB620023BB627B689B6828
:1097D000B3F5805F07D07B689B68002B0AD17B685C
:1097E0001B69002B06D17B681B685B68DAB2FB6AD9
:1097F0001A7008E07B681B685B68DBB203F07F03CC
:10980000DAB2FB6A1A707B689B6A5A1C7B689A62A0
:109810007B68DB8D9BB2013B9BB27A681946D18590
:10982000002B5DD17B681B68DA687B681B6822F0BF
:109830002002DA607B681B68DA687B681B6822F4A8
:109840008072DA607B681B685A697B681B6822F04B
:1098500001025A617B68202283F842207B68002243
:109860005A637B681B6B012B35D17B6800221A631E
:109870007B681B680C337B617B6953E8003F3B616D
:109880003B6923F010037B627B681B680C337A6AA8
:109890003A62FB61F9693A6A41E80023BB61BB693E
:1098A000002BE5D17B681B681B6803F01003102BAD
:1098B0000AD10023FB607B681B681B68FB607B6828
:1098C0001B685B68FB60FB687B689B8D194678684A
:1098D000FFF7D5FD02E07868F7F796FE002302E077
:1098E000002300E0022318463037BD4680BD00004B
:1098F00080B584B000AF78607B681B681B6923F477
:1099000040517B68DA687B681B680A431A617B6890
:109910009A687B681B691A437B685B691343BB6069
:109920007B681B68DB6823F4B05323F00C037A6870
:109930001268B9680B43D3607B681B685B6923F4CA
:1099400040717B689A697B681B680A435A617B682F
:109950001B682C4A934203D1FEF7BAFCF86002E080
:10996000FEF7A2FCF860FA6813469B0013449A00C5
:109970001A447B685B689B00B2FBF3F3224AA2FBAC
:1099800003235B091901FA6813469B0013449A00EC
:109990001A447B685B689B00B2FBF3F21A4BA3FB93
:1099A00002035B09642000FB03F3D31A1B0132336B
:1099B000154AA2FB03235B0903F0F0031944FA687C
:1099C00013469B0013449A001A447B685B689B0013
:1099D000B2FBF3F20C4BA3FB02035B09642000FB18
:1099E00003F3D31A1B013233074AA2FB03235B099B
:1099F00003F00F027B681B680A449A6000BF1037AF
:109A0000BD4680BD003801401F85EB510A22002170
:109A100000F07AB8242B2DE9F0478646904601D80D
:109A2000012B06D100F0C0F9162303600020BDE829
:109A3000F0870D4633482A4615F8014B065D16F0AF
:109A40000806F8D12D2C10D101262C78951C33F066
:109A5000100215D1302C0DD12A7802F0DF02582ADD
:109A600008D16C78023510230AE02B2C04BF2C7827
:109A7000951CECE7002BF6D1302C14BF0A230823E9
:109A8000002206F1004C0CF1FF3CBCFBF3F9104640
:109A900003FB19CAA4F13007092F0FD83C46A34293
:109AA0001BDD571C07D0814514D301D1A24511DB22
:109AB000012200FB034015F8014BEBE7A4F141073D
:109AC000192F01D8373CEAE7A4F16107192F04D810
:109AD000573CE4E74FF0FF32EDE7531C08D1222357
:109AE0006046CEF80030B8F1000FA0D0691E06E045
:109AF00006B14042B8F1000F99D0002AF6D1C8F85B
:109B0000001094E767B2000813460A46014602486F
:109B10000068FFF77FBF00BF140000202DE9F0436D
:109B200086460D46334E284615F8014B375D17F033
:109B30000807F8D12D2C10D101272C78851C33F083
:109B4000100015D1302C0DD1287800F0DF005828F6
:109B500008D16C78023510230AE02B2C04BF2C7836
:109B6000851CECE7002BF6D1302C14BF0A23082308
:109B70004FF0FF38B8FBF3F8002603FB08F9304636
:109B80006FEA0909A4F1300CBCF1090F10D8644642
:109B9000A3421EDDB6F1FF3F07D0804516D301D1A9
:109BA000A14513DB012600FB034015F8014BE9E753
:109BB000A4F1410CBCF1190F01D8373CE8E7A4F13E
:109BC000610CBCF1190F04D8573CE1E74FF0FF36A8
:109BD000EBE7731C06D122233046CEF8003032B9B1
:109BE000BDE8F08307B14042002AF9D006B1691EF2
:109BF0001160F5E767B2000813460A4601460248BD
:109C00000068FFF78BBF00BF140000200CB430B514
:109C1000184B0C1E1D689DB008DA8B234FF0FF30E7
:109C20002B601DB0BDE8304002B070474FF40273A6
:109C3000ADF814304FF000031B930CBF234604F122
:109C4000FF33049307934FF6FF7302900690ADF82D
:109C50001630284621AB209A02A9019300F022FA7F
:109C6000431CBCBF8B232B60002CDAD00022029B4C
:109C70001A70D6E7140000200EB46FF0004110B542
:109C800000249DB01FAB02900690079104910948F3
:109C9000094953F8042B0591006802A901931B940C
:109CA00000F000FA029B1C701DB0BDE8104003B02C
:109CB000704700BF140000200802FFFF0346024463
:109CC000934200D1704703F8011BF9E7024610B533
:109CD000147813460132002CFAD1013B11F8012B04
:109CE00003F8012F002AF9D110BD0346C9B2184666
:109CF00013F8012B12B18A42F9D17047002918BF1D
:109D00000020704710B56AB10139841810F8012B92
:109D100011F8013F9A4203D1A04201D0002AF5D1A7
:109D2000D01A10BD1046FCE7034610B5013932B118
:109D300011F8014F013A03F8014B002CF7D1002133
:109D40001A44934200D110BD03F8011BF9E738B55E
:109D500011F0FF0403460ED12146BDE83840FFF75D
:109D6000C4BF0546431C21461846FFF7BEFF002826
:109D7000F7D1284638BD0025F5E70A7870B56AB9ED
:109D800070BD9A4209D10C46054614F8013F002BDC
:109D9000F6D015F8016F9E42F7D001300378002B02
:109DA000EFD11846ECE70000014B1868704700BF80
:109DB0001400002070B500260C4D0D4C641BA4103F
:109DC000A64209D100F076FC00260A4D0A4C641B1D
:109DD000A410A64205D170BD55F8043B9847013642
:109DE000EEE755F8043B98470136F2E7A4B30008C4
:109DF000A4B30008A4B30008A8B3000870477047D4
:109E000038B50546002940D051F8043C0C1F002B02
:109E1000B8BFE41800F0DEF81C4A136833B9636079
:109E200014602846BDE8384000F0DAB8A34208D9EB
:109E3000206821188B4201BF19685B6809182160EE
:109E4000EDE71A465B680BB1A342FAD911685018C6
:109E5000A0420BD120680144501883421160E0D128
:109E600018685B68084410605360DAE702D90C2375
:109E70002B60D6E7206821188B4201BF19685B6808
:109E80000918216063605460CBE738BDFC400020B6
:109E900070B50F4E0C463168054611B900F0A8FBAD
:109EA00030602146284600F0A3FB431C03D14FF04D
:109EB000FF34204670BDC41C24F00304A042F8D037
:109EC000211A284600F094FB0130F2D1EFE700BFE1
:109ED000F84000202DE9F843CD1C25F00305083596
:109EE0000C2D38BF0C25002D064601DBA94204D9F4
:109EF0000C2333600020BDE8F883DFF8D48000F045
:109F000069F8D8F800301C4644BB29463046FFF7B4
:109F1000BFFF431C044658D1D8F800402746002F05
:109F200043D1002C4BD023683946304604EB03095B
:109F300000F05EFB814542D1216830466D1A29460A
:109F4000FFF7A6FF01303AD023682B442360D8F8EE
:109F500000305A6862BBC8F800700FE02268521BDC
:109F600020D40B2A17D96119A342256018BF596064
:109F7000636808BFC8F8001062514B60304600F0BB
:109F80002FF804F10B00231D20F00700C21A1CBF9C
:109F90001B1AA350AFE76268A3420CBFC8F80020A9
:109FA0005A60EBE723466468AEE73C467F68B6E755
:109FB0001A465B68A342FBD100235360DEE70C2303
:109FC0003046336000F00CF894E70560D6E700BF38
:109FD000FC4000200148FFF711BF00BFF440002003
:109FE0000148FFF70CBF00BFF44000202DE9F04707
:109FF0001F468E688246BE420C4690460B682DD89E
:10A00000B1F90C2012F4906F26D06569096905EB4F
:10A010004505A3EB010905EBD5757B1C4B446D1081
:10A020009D4238BF1D46530527D52946FFF752FFED
:10A03000064660B34A46216900F0F8FAA38923F482
:10A04000906343F08003A38126614E4426603E4620
:10A050006561A5EB0905A560BE4200D93E463246C2
:10A060004146206800F0AAFA0020A3689B1BA36069
:10A07000236833442360BDE8F0872A4600F0E4FA01
:10A0800006460028E0D150462169FFF7B9FE0C23AF
:10A09000CAF80030A3894FF0FF3043F04003A3819A
:10A0A000E9E700002DE9F04F98468B8907461B062B
:10A0B0000D4614469DB010D50B6973B94021FFF7CA
:10A0C00009FF2860286130B90C233B604FF0FF3056
:10A0D0001DB0BDE8F08F40236B610023099320235E
:10A0E0008DF8293030234FF00109CDF80C80DFF8CE
:10A0F00098818DF82A3023469A4613F8012B0AB12D
:10A10000252AF9D1BAEB040B0BD05B46224629462F
:10A110003846FFF76BFF013000F0A780099A5A44D8
:10A1200009929AF80030002B00F09F8000234FF036
:10A13000FF32CDE905230AF1010A049307938DF854
:10A1400053301A935446052214F8011B4E4800F070
:10A150005FFA049AD8B9D00644BF20238DF8533053
:10A16000110744BF2B238DF853309AF800302A2B67
:10A1700015D0544600204FF00A0C079A214611F8DA
:10A18000013B303B092B4BD9B0B1079214E0A0EB57
:10A19000080309FA03F31343A2460493D2E7039B8F
:10A1A000191D1B680391002BBBBF5B4242F00202EA
:10A1B00007930793B8BF049223782E2B0AD16378B4
:10A1C0002A2B32D1039B02341A1D1B68039243EAE7
:10A1D000E3730593DFF8B4A003225046217800F022
:10A1E00017FA38B14022049BA0EB0A0082401343C7
:10A1F0000134049314F8011B062225488DF8281019
:10A2000000F006FA002836D0224B1BBB039B073315
:10A2100023F0070308330393099B334409936AE748
:10A220000C4601200CFB0232A8E700234FF00A0C79
:10A23000194601340593204610F8012B303A092ABB
:10A2400003D9002BC6D00591C4E7044601230CFBBB
:10A250000121F0E703AB00932A4638460E4B04A9D0
:10A26000AFF30080421C0646D6D1AB895B063FF5B2
:10A270002DAF09982CE703AB00932A463846064BCE
:10A2800004A900F07DF8EDE767B300086DB300089E
:10A2900071B3000800000000ED9F00082DE9F047B1
:10A2A000164698468A680B6907469342B8BF13461C
:10A2B000336091F843200C46DDF820900AB1013359
:10A2C00033602368990642BF3368023333602568E0
:10A2D00015F0060506D104F1190AE36832689B1AE5
:10A2E000AB422BDC94F843302268003B18BF0123BB
:10A2F000920630D44146384604F14302C847013043
:10A3000023D02368226903F00603042B14BF002521
:10A3100033684FF0000608BFE56804F11A0408BF6F
:10A32000ED1A54F8123C08BF25EAE5759342C4BF04
:10A330009B1AED18B5421AD1002008E001235246BD
:10A3400041463846C847013003D14FF0FF30BDE8E1
:10A35000F0870135C1E73020E11881F843005A1C2D
:10A3600094F845102244023382F84310C2E70123D7
:10A37000224641463846C8470130E6D00136D9E783
:10A380002DE9FF470F7E9146782F80460C469A466E
:10A390000C9E01F1430207D8622F0AD8002F00F06B
:10A3A000D180582F00F0B88004F1420684F8427042
:10A3B0003AE0A7F16303152BF6D801A151F823F079
:10A3C00019A400082DA40008A9A30008A9A3000847
:10A3D000A9A30008A9A300082DA40008A9A30008A8
:10A3E000A9A30008A9A30008A9A300082BA5000899
:10A3F00057A40008E5A40008A9A30008A9A3000821
:10A400004DA50008A9A3000857A40008A9A30008A7
:10A41000A9A30008EDA4000833681A1D1B68326068
:10A4200004F1420684F8423001239CE0336820683E
:10A43000191D3160060601D51D6803E04506FBD5F0
:10A44000B3F90050002D03DA2D236D4284F8433018
:10A450000A23584811E021683368080653F8045B62
:10A4600002D4490648BFADB26F2F336014BF0A2330
:10A4700008235048002184F843106668002EA66027
:10A4800005DB21682E4321F0040121604BD01646E4
:10A49000B5FBF3F103FB1157C75D06F8017D2F46AD
:10A4A000BB420D46F4D9082B0BD12368DF0708D532
:10A4B000236961689942DEBF302306F8013C06F14A
:10A4C000FF36921B22614B4621464046CDF800A044
:10A4D00003AAFFF7E3FE01304AD14FF0FF3004B08A
:10A4E000BDE8F087236843F02003236078273248D3
:10A4F00084F84570236831681F0651F8045B02D464
:10A500005F0648BFADB23160D90744BF43F02003B6
:10A5100023601DB11023ADE72648E9E7236823F047
:10A5200020032360F6E71646BDE733682568181D4B
:10A53000616930602E061B6801D5196002E068066B
:10A54000FBD51980002316462361BCE73368002140
:10A550001A1D32601E686268304600F059F808B172
:10A56000801B606063682361002384F84330AAE79E
:10A570003246494640462369D0470130ADD0236872
:10A580009B0713D4E068039B9842B8BF1846A6E720
:10A590000123324649464046D04701309DD001351F
:10A5A000E36803995B1AAB42F2DCEBE7002504F1A8
:10A5B0001906F5E778B3000889B30008884210B59A
:10A5C00001EB020402D98442234607D8431EA1426C
:10A5D00008D011F8012B03F8012FF8E701460244D7
:10A5E0008A4200D110BD13F8014D02F8014DF7E782
:10A5F00038B50023054D044608462B60FAF7E2FA09
:10A60000431C02D12B6803B1236038BDF040002009
:10A61000034610B5C9B202449342184601D1002046
:10A6200003E0047801338C42F6D110BD0A44914214
:10A6300000F1FF3300D1704710B511F8014B914282
:10A6400003F8014FF9D110BD2DE9F041074614463A
:10A650000D4621B91146BDE8F041FFF73BBC2AB9D0
:10A66000FFF7CEFB25462846BDE8F08100F01AF83A
:10A670008442064602D8B4EB500FF4D8214638463F
:10A68000FFF728FC804608B94546ECE7B44222466D
:10A69000294628BF3246FFF7C9FF29463846FFF74B
:10A6A000AFFBF1E751F8043C181F002BBCBF0B585F
:10A6B000C0187047F8B500BFF8BC08BC9E4670478C
:10A6C000F8B500BFF8BC08BC9E46704754515446CC
:10A6D000574D320053544D33324631303352455486
:10A6E00036000000342E330000000000332E30000E
:10A6F0000000000002004C0000F80708496E696382
:10A70000696F0000415424504F53543D312C302C7C
:10A710002200000025732573202D204C697374617D
:10A7200020706172612075736172736520257300FA
:10A73000220D0A00424C452054494D454F55543A8C
:10A7400020536520626F72726F206D656E73616A4F
:10A750006520696E636F6D706C65746F0D0A000023
:10A76000534B592054494D454F55543A2053652079
:10A77000626F72726F206D656E73616A6520696EBB
:10A78000636F6D706C65746F000000004442472079
:10A7900054494D454F55543A20536520626F7272AB
:10A7A0006F206D656E73616A6520696E636F6D7091
:10A7B0006C65746F000000004D656E73616A6525FD
:10A7C000630000004D656E73616A653A0000000029
:10A7D000506C617461666F726D610000426C7565EA
:10A7E000746F6F746800000053697374656D610065
:10A7F00025730000252E2A734D656E73616A6525E9
:10A8000063256C752E25752573000000257325734F
:10A8100025732573257300004552524F522045453C
:10A8200050524F4D202D3E2044454641554C5453E7
:10A830000000000056455253494F4E20494E5641A4
:10A840004C494441202D3E2044454641554C5453EB
:10A8500000000000434F4E46494720434F525245A7
:10A8600047494441000000004E414D453A25730DD3
:10A870000A0000000D0A434F4E464947204F4B0D3A
:10A880000A4E6F6D6272653A25730D0A56657273D2
:10A89000696F6E3A25640D0A52657365743A2564D2
:10A8A0000D0A000024534D53473D4E6F6D62726593
:10A8B0003A00000024534D53473D4F4E0000000026
:10A8C00024534D53473D4F464600000024534D53FB
:10A8D000473D4D415000000024534D53473D5365C3
:10A8E0006E736F7265733A0024534D53473D54495C
:10A8F000454D504F3A00000024534D53473D5350AF
:10A9000041533B0024534D53473D535041563B0068
:10A9100024534D53473D4442475F5451543B00003C
:10A9200024534D53473D426C6F7175656F3A00007B
:10A9300024534D53473D52657365745F34340000B2
:10A9400024534D53473D52657365745F424C450037
:10A9500024534D53473D52657365740024534D5342
:10A96000473D4F55545F313A0000000024534D538A
:10A97000473D4F55545F323A0000000024534D5379
:10A98000473D494E545F313A0000000024534D5377
:10A99000473D494E545F323A0000000024534D5366
:10A9A000473D494E545F333A0000000024534D5355
:10A9B000473D5374617475735F4D6F746F7200001F
:10A9C00024534D53473D4D41430000004F4B202D34
:10A9D0002024534D53473D4D41430D0A00000000D4
:10A9E00024534D53473D5374617475730000000048
:10A9F000244F4B004F4B0000436F6D616E646F201E
:10AA00004F4B0000436F6D616E646F206E6F207658
:10AA1000616C69646F0000004D41430D0A00000045
:10AA20004D41432025730D0A000000004552524F4E
:10AA3000520000005649564F0D0A000053494D4F31
:10AA40004E000000424C45204F4B0000424C452038
:10AA500052657370756573746120696E636F72728D
:10AA600065637461000000004552524F523A203530
:10AA70002066616C6C6F7320636F6E7365637574B1
:10AA800069766F7320656E20424C4500424C45202C
:10AA900054696D656F75740D0A00000050504F4E7B
:10AAA00000000000202D20736F6C69636974756469
:10AAB00020646520646573626C6F7175656F2070CA
:10AAC0006F722000504F464600000000202D20737A
:10AAD0006F6C69636974756420646520626C6F7162
:10AAE00075656F20706F722000000000525354345F
:10AAF0000000000049315F310000000024534D5335
:10AB0000473D494E545F313A320D0A0049315F30BA
:10AB10000000000024534D53473D494E545F313AE5
:10AB2000300D0A0049325F310000000024534D53BC
:10AB3000473D494E545F323A320D0A0049325F3088
:10AB40000000000024534D53473D494E545F323AB4
:10AB5000300D0A00202D20646573626C6F7175657D
:10AB600061646F20706F722000000000202D20654E
:10AB700072726F7220616C20616272697220706FF4
:10AB800072200000202D20626C6F71756561646F0A
:10AB900020706F7220000000202D206572726F728D
:10ABA00020616C2063657272617220706F72200088
:10ABB0004F4B202D205265736574202064656C20F6
:10ABC000475053206F20424C4500000025732573E9
:10ABD000202D205365207265616C697A6172612055
:10ABE00072657365742573004154244F5554433D79
:10ABF00025642C312C32300D0A000000257325739A
:10AC0000202D205265736574207265616C697A61CC
:10AC1000646F20706F7220736F6674776172652540
:10AC2000730000006572726F7220646520636F6D3F
:10AC3000756E69636163696F6E20424C452C2073A9
:10AC400065207265696E696369610000257325730B
:10AC5000202D20426C6F7175656F204F555425640F
:10AC600020677561726461646F25730056616C6F53
:10AC70007220696E76616C69646F20736F6C6F20EF
:10AC8000302D34005265736574207265616C697A89
:10AC900061646F3A2056616C6F7265732064652041
:10ACA00066616272696361004F4B202D2024534D11
:10ACB00053473D52657365745F424C450000000088
:10ACC0005365207265616C697A6172612072657387
:10ACD00065742064656C20626C7565746F6F746850
:10ACE0000000000053652067756172646120656C27
:10ACF000206E6F6D62726520636F7272656374613E
:10AD00006D656E74650000004572726F7220616C33
:10AD1000206775617264617220656C206E6F6D6270
:10AD20007265000025732573202D204E6F6D6272B1
:10AD30006520766163696F2C2053652061736967B4
:10AD40006E6120706F72206465666563746F3A206F
:10AD500025732573000000004572726F72204E6FDC
:10AD60006D627265206E6F207365207075646F2050
:10AD7000677561726461720025734D4150204D31D9
:10AD80003A2575204D323A257525730024534D53CD
:10AD9000473D4D41503F000024534D53473D4D41E9
:10ADA000505F4D313A00000024534D53473D4D4113
:10ADB000505F4D323A00000025734D4150204552FE
:10ADC000524F523A20434F4D414E444F20494E5628
:10ADD000414C49444F25730025734D415020455245
:10ADE000524F523A204D4F544F52204143544956EE
:10ADF0004F25730025734D4150204552524F523A12
:10AE000020454550524F4D25730000004572726F2A
:10AE1000722053656E736F72657320736F6C6F2051
:10AE200030206F20310000004572726F722054494B
:10AE3000454D504F20736F6C6F2061636570746176
:10AE40002030206120313020736567756E646F7328
:10AE5000000000004572726F7220535041532073FE
:10AE60006570617261646F7220696E76616C69648D
:10AE70006F0000004572726F72205350415620736C
:10AE80006570617261646F7220696E76616C69646D
:10AE90006F0000004572726F72204442475F545148
:10AEA0005420736F6C6F2061636570746120302073
:10AEB0006F2031004F4B202D2024534D53473D4FE1
:10AEC0004E0000004F4B202D2024534D53473D4F43
:10AED000464600004572726F72206461746F206D87
:10AEE00061796F2064652031206F206D656E6F730E
:10AEF00020646520300000004572726F722064612A
:10AF0000746F206D61796F2064652033206F206D30
:10AF1000656E6F7320646520300000002573257313
:10AF2000202D20456C207065726E6F2065737461F2
:10AF300020446573626C6F71756561646F25730081
:10AF400025732573202D20456C207065726E6F204F
:10AF50006573746120426C6F71756561646F2573F0
:10AF60000000000025732573202D204552524F52BA
:10AF70003A20416D626F732073656E736F726573F3
:10AF800020616374697661646F732573000000004B
:10AF900025732573202D20456C207065726E6F20FF
:10AFA0006573746120656E204D4F56494D49454E7D
:10AFB000544F2573000000004E6F6D6272653A2099
:10AFC00025730D0A5645523A2025730D0A48573A03
:10AFD0002025730D0A426C6F7175656F3A202564E8
:10AFE0000D0A4D61633A2025730D0A4F75745F3168
:10AFF0003A25640D0A4F75745F323A25640D0A4F85
:10B0000075745F333A25640D0A496E745F313A25D1
:10B01000640D0A496E745F323A25640D0A496E74F4
:10B020005F333A25640D0A4D6F746F723A25640DD3
:10B030000A53454E5F4D4F543A25640D0A54494515
:10B040004D504F3A25640D0A535041533A25630D34
:10B050000A535041563A25630D0A4442473A256443
:10B060000D0A566976613A25640D0A526573657456
:10B070003A25640D0A4D6F764D6F746F723A256CE8
:10B08000750D0A002573256325640000257325636B
:10B0900025642563000000002573256325730000E7
:10B0A0002573256325732563000000002573256340
:10B0B000256C750025732563256C752563000000DC
:10B0C0003030303000000000415424504F53543D84
:10B0D000312C302C2253256425630000424C4B0058
:10B0E0004F555431000000004F555432000000000D
:10B0F0004F55543300000000494E54310000000009
:10B10000494E543200000000494E54330000000004
:10B1100045535431000000004553543200000000F4
:10B1200045535433000000004D4F544F520000006F
:10B1300053454E5F4D4F54005449454D504F00000C
:10B140004442470056495641000000005451540003
:10B150004F4E00004F46460050420000657272009C
:10B1600052455345540000005645520048570000D0
:10B170004D4F5600302E30004D656E73616A65008C
:10B18000494452004D4143520000000049442563A8
:10B19000257325634D41432563257322000000007C
:10B1A0000D0A000025732053504153203D20256394
:10B1B000202053504156203D202563257300000078
:10B1C00030303A30303A30303A30303A30303A304D
:10B1D0003000000046463A46463A46463A46463A27
:10B1E00046463A4646000000332E3000342E3300E7
:10B1F0005451545F52315F560000000000000000BF
:10B200000000000000000000545154204944454E05
:10B2100054495459204552524F52202575202D2013
:10B22000524550524F4752414D2048455820434FB8
:10B230004D504C45544F0D0A000000000000000026
:10B2400000000000010203040607080900000000D6
:10B250000102030402030405060708090A0B0C0D8A
:10B260000E0F10100102002020202020202020207E
:10B2700028282828282020202020202020202020A6
:10B2800020202020202020881010101010101010D6
:10B29000101010101010100404040404040404041A
:10B2A00004101010101010104141414141410101A2
:10B2B000010101010101010101010101010101017E
:10B2C000010110101010101042424242424202028C
:10B2D000020202020202020202020202020202024E
:10B2E00002021010101020000000000000000000FA
:10B2F000000000000000000000000000000000004E
:10B30000000000000000000000000000000000003D
:10B31000000000000000000000000000000000002D
:10B32000000000000000000000000000000000001D
:10B33000000000000000000000000000000000000D
:10B3400000000000000000000000000000000000FD
:10B3500000000000000000000000000000000000ED
:10B3600000000000000000232D302B2000686C4CF2
:10B37000006566674546470030313233343536372D
:10B380003839414243444546003031323334353652
:10B39000373839616263646566000000884EFF7F5C
:10B3A0000100000009020008E50100080101010197
:10B3B00001007C0100127A00100000000100000072
:10B3C0001800002000000000B83F002020400020AE
:10B3D0008840002000000000000000000000000085
:10B3E000000000000000000000000000000000005D
:10B3F000000000000000000000000000000000004D
:10B40000000000000000000000000000000000003C
:04000005080051C5D9
:00000001FF
